name,age,street,city,state,zip,lng,lat
James Blankenship,44,87454 Winters Rapids Apt. 270,Jacobston,Nevada,83130,125.352581,7.598504
Julie Carlson,79,501 Brandon Ways,Lake Maria,Hawaii,27327,-49.315769,-23.375236
Margaret Bryant,23,342 Jeffrey Ranch,East Stephen,Arizona,86609,-47.921380,-77.857776
Alexandra Shepard,62,5781 Perry Locks,Crystalmouth,Idaho,26851,-91.627112,5.2979195
Patrick Romero,56,56976 Leslie Cliffs Apt. 674,Williamfurt,Alaska,26308,152.071499,-77.268878
Shirley White,63,00460 Peter Common,New Deniseview,Rhode Island,71669,-90.295626,43.2181295
Amanda Hayes,60,265 Kevin Hill Apt. 039,New Danielleborough,Wisconsin,72451,-99.404210,-65.3135485
Evelyn Fowler,52,0456 Nelson Street Suite 489,New Ellenchester,Wisconsin,78819,167.601839,-33.375795
Logan Roberts,74,5795 Christopher Parks Apt. 837,East Billytown,Washington,21970,-102.840119,32.297133
Tyler Hughes,35,33979 Everett Key Suite 811,New Lisastad,South Dakota,06688,-31.293719,-67.218368
Nicholas Conley,47,912 Deborah Estates Apt. 002,West Sylvia,Idaho,09233,-61.679644,-31.8998055
Beth Petersen,60,198 Jesse Mountains,South Danielmouth,Oregon,45210,-159.127431,60.609687
Michael Nelson,22,327 Kelly Square,Tylerbury,South Carolina,63313,-54.197230,13.4322065
Kevin Meyer,46,6912 James Forges Apt. 073,East Ericmouth,Nevada,12645,148.055016,26.882675
John Jones,36,2991 Tina Rest Apt. 004,East Corey,North Dakota,89622,66.091274,7.2102525
Cynthia Thompson,22,33635 Jesus Shoals Apt. 536,Daniellemouth,Delaware,70837,33.074997,-20.9508815
Julia Frazier,54,11105 Bartlett Ferry Apt. 841,Johnathanborough,California,29225,153.320145,70.554250
Craig King,70,1657 Jennifer Estate,Andersonside,Wyoming,69163,78.386721,78.443257
John Wright,72,292 Angela Spur Suite 751,North Christopher,Nebraska,75078,-73.890580,-58.251688
James Benson,27,028 Kimberly Street,Jaredstad,New Mexico,56212,-177.191587,-54.066014
Tina Fox,61,092 Hill Coves Apt. 971,Gibsonmouth,Alabama,07724,130.923396,29.0881805
Laura Nelson,56,70141 Becker Mountains Apt. 452,Briggsside,Alabama,37788,29.917644,42.279826
Douglas Stewart,58,0924 Pearson Highway Apt. 830,West Nicolefurt,Massachusetts,93664,43.241988,-73.0025665
Mr. John Meza,29,56781 Stewart Greens,Clarkville,Minnesota,67099,-147.742327,38.1176615
Philip Jones,20,72726 Misty Radial Suite 501,Melvinberg,Massachusetts,36684,-170.264994,36.9504735
Michael Torres,62,7688 Ann Lakes,Douglaschester,West Virginia,49250,-124.642753,89.965674
Ruben Tanner,75,35348 Leslie Walks Apt. 373,New Alanport,Michigan,51578,178.016046,-63.9706855
Regina Price,65,906 Elizabeth Parkways,East Kevinbury,Nevada,09003,170.584697,-4.0371555
Angela Parsons,44,12472 Brittany Villages Apt. 695,Perezville,Arizona,72964,148.045688,67.5292865
Brian Patel,39,97481 Boyle Heights Suite 984,Lake Vanessaberg,Iowa,63914,158.648976,-0.742825
Bridget Conway,43,711 Craig Row Apt. 839,Amyberg,West Virginia,64552,86.998024,-74.838855
Carlos Raymond,75,488 Dean Bridge Suite 379,Wellsshire,North Carolina,46783,0.451184,-9.659484
Kathryn James,33,785 Morrison Mill Suite 026,North Teresa,California,58319,-21.877314,62.172579
Justin Hartman,27,72450 Veronica Trail Suite 085,Lewiston,New Hampshire,85375,152.402055,-30.2706165
Charles Kim,29,19694 Herman Ferry Apt. 263,New Brittany,Alaska,51171,-38.622818,-72.861977
Dr. Tommy Mckenzie DDS,27,37591 Tyler Trail,Port Kristenfurt,Missouri,13692,166.519865,-46.1536665
David Howard,49,37889 Kyle Wells,Randyfort,Vermont,47460,81.771796,-26.613738
Jeffrey Hardy,46,3389 Brenda Courts,Kimchester,New Mexico,97062,37.247327,12.683366
Randall Cooper,35,749 Harris Park,Sarahland,New Hampshire,29260,-35.496394,21.290732
Courtney Hoffman,33,103 Tanya Flats Apt. 835,Morenostad,Connecticut,68021,-169.759344,26.8782665
Connor Clark,54,8071 Brian Fort Suite 761,Josefort,Louisiana,12656,156.232911,38.545881
David Salinas,41,00848 Kimberly Bypass Suite 060,Valenzuelabury,Michigan,41945,-137.102656,23.6827575
Joan Mendoza,28,1746 Mandy Junctions,North Meganhaven,South Carolina,09693,-80.081558,12.253685
Alexis Rogers,60,458 Hernandez Lights Apt. 869,Tiffanytown,Arkansas,44262,83.777409,8.0578605
Adam Watson,18,03665 Taylor Tunnel Apt. 184,East John,Alaska,57616,-64.392226,-39.6846005
Maria Williams,79,4508 Jesse Loop,East Jamesborough,Idaho,17163,-50.655701,9.561099
Diane Fitzgerald,34,08945 Savannah Row Apt. 455,New Stephanieside,Virginia,58725,135.093346,-12.8771385
Timothy Gregory,43,630 Pamela Street Apt. 239,East Jesse,Oklahoma,41089,1.503873,-10.693441
Todd Rodriguez,20,40627 Daniel Inlet Suite 223,Sandrastad,Idaho,57865,6.789534,76.178092
Rachel Petersen,43,62671 Steve Streets,North Louiston,New York,32692,-93.913538,-34.3272975
Carl Taylor,55,00804 Jennifer Vista,Danielleburgh,Connecticut,35696,-61.787054,-42.2119265
Vanessa Ellis,63,277 Lee Drives,West Luis,Utah,11531,-104.102064,-40.363124
Anthony Briggs,34,49056 Matthew Springs,Rachelmouth,Wisconsin,53393,39.743777,-63.229017
Sharon Jackson,31,9571 Nielsen Park Apt. 556,Masonburgh,Massachusetts,38659,-12.649007,-18.6915655
David Phelps,63,70020 Patrick Causeway Apt. 324,Jenniferhaven,Missouri,67189,-51.746350,-89.8214745
Taylor Martinez,75,2723 Brown Square,Louisport,New Hampshire,22726,-113.994744,-19.985126
Lisa Carroll,76,7402 Morgan Shore Apt. 144,Stewartfort,Montana,29547,-2.910695,38.9369585
Jennifer Miller,51,456 Bush Way,North Davidhaven,Wisconsin,63561,167.467602,38.7559085
Karen Bauer,21,881 Darryl Islands Suite 061,Foxfurt,Kansas,39427,114.230017,-66.1509255
Veronica Jones,58,4529 Kennedy Lodge,Holmestown,Tennessee,71085,-119.669407,35.903345
Kristin Jackson,50,191 Crystal Park,South Robert,Massachusetts,74953,-16.184515,-70.4381065
Christina Grant,22,6614 Reynolds Junctions Suite 861,Burnsshire,Delaware,63111,161.481106,78.993924
Chad Phillips,60,361 Rodriguez Fields,Port Robertville,Rhode Island,94091,-56.973735,-29.241247
Michael Robinson,59,1053 Haley Ports,Port Nicole,Ohio,15260,146.768290,72.0997925
Joel Arnold,38,857 Adams Cove Apt. 898,New Randall,Connecticut,83187,174.154967,9.574759
Janice Myers,72,992 Williams Road,Aaronmouth,Wyoming,57218,-153.983013,8.9280745
Nancy Goodwin,31,9237 Jonathan Manor Suite 283,Christinetown,Pennsylvania,17686,40.706111,76.4193235
Timothy Barker,39,7840 Greene Track Suite 137,Lake Kimberlybury,Nebraska,54704,9.786849,-33.5646215
Scott Green,71,87200 Andrew Pike,Ericview,North Carolina,07816,150.389833,-31.4447615
George Mitchell,73,205 Chan Heights Suite 209,Port Josephside,Mississippi,91816,-111.956442,45.556310
Robert Carroll,34,01430 April Meadows,North Gilbertberg,Connecticut,80161,109.390644,58.0098325
Sarah Mercer,28,2928 Smith Isle Apt. 806,North Christopherhaven,Alaska,07136,-18.681694,-58.946854
Steve Dawson,72,578 Palmer Valley,Lake Kaylaside,North Carolina,81365,15.397138,-47.171742
Mary Ross,75,85862 Connie Knoll,West Justinbury,Virginia,42847,-167.283705,-81.158268
Christine Johnson,38,75436 Rodriguez Court Apt. 576,West James,Illinois,90064,56.071259,50.8843235
Frank Arnold,61,886 Simon Isle,Andrewfort,Arizona,43550,-128.223849,75.033614
Mitchell Moore DDS,25,7811 Arthur Ranch,Kendratown,Maine,71684,-21.737925,38.4728635
Parker Rivera,46,1173 Jimenez Inlet Suite 652,Priceville,Massachusetts,72642,-114.412407,-44.9517775
Michael Hickman PhD,24,00559 Elizabeth Estate Apt. 696,West Janet,Georgia,20989,-142.066816,0.570812
Joseph Kent,42,039 Lori Skyway,West Crystalchester,Indiana,02761,-3.066451,-88.1959555
Chad Lawson,70,9537 Luke Gardens Apt. 475,North Roberthaven,Tennessee,17833,-76.565779,-82.862269
Cassandra Mckinney,66,719 Andrew Coves Apt. 772,Jaimemouth,Illinois,35371,66.891532,-82.369367
Joseph Morrow,71,5100 Danielle Inlet,Turnermouth,Hawaii,39184,45.147641,41.365723
Jennifer Ayers,68,1255 Rocha Manors Suite 219,Port Tracychester,Illinois,93691,-82.797833,35.057561
Steve Waller,27,68857 Gregory Port,West Taraville,South Dakota,70054,19.024941,14.269618
Matthew Morse,65,83249 Jessica Mountains,Nguyenland,Ohio,55345,126.287838,-12.4173645
William Salazar,34,227 Shannon Corner Apt. 712,West Joseph,Hawaii,17662,-136.352019,-30.985094
Christina Salinas,20,8674 Lauren Ways,South Michael,South Carolina,72950,172.962690,20.797804
Michael Oconnell,50,70918 Robertson Viaduct,South Karen,New York,87313,132.442762,-73.3366915
Cynthia Cooke,30,556 Barbara Station Apt. 272,Taylorfurt,Maryland,49429,-96.326098,-18.373816
Dana Wilcox,60,359 Aaron Skyway,Perezburgh,Kansas,32707,-51.823396,32.731122
Justin Lynch,78,88479 Gonzalez Roads Suite 888,Youngton,North Dakota,29743,40.380710,-66.971250
Laura Reese,80,027 Blair Stravenue,Dannystad,South Dakota,34265,-93.330381,-53.3192665
James Anderson,36,785 Mason Ford Suite 025,Henryshire,Colorado,26591,11.309767,45.453069
Brenda Bryan,67,628 Andrea Spur,Taylortown,New Mexico,08824,172.524596,65.997333
Lauren Oconnor,26,456 Hannah Centers Apt. 314,Melissaburgh,Missouri,32010,29.862075,-77.464738
Katie Baker,51,20662 Carrie Drive,Flemingbury,Oregon,60862,51.825146,-38.6598035
Scott Oliver,27,28491 Flores Village,Bowenburgh,Texas,01301,-179.037805,67.4665055
Dennis Shea,77,327 Zachary Junctions Suite 129,West Lisaberg,California,33319,-92.108473,-0.410763
Beth Wilson,23,530 Palmer Ville,Josephside,Mississippi,79148,129.972837,21.292936
Luis Jones,24,265 Roy Branch Suite 555,Thomasland,New Mexico,97417,-113.082584,-51.333450
Taylor Jones,46,78852 Hamilton Camp,Port Adambury,Alaska,25231,66.461715,45.967355
Michael Mcneil,47,87497 Michael Causeway,North Thomasberg,Iowa,09505,72.649613,78.8436955
Joseph Carter,32,9577 Doyle Viaduct,Lake Alexander,Iowa,91503,78.160208,56.321366
Michael Smith,47,5255 Smith Ridge Suite 362,Stephaniefort,Alabama,97662,-135.828531,83.7834545
David Martinez,20,3759 Stewart Walk,Samanthashire,Delaware,62055,-161.196071,-23.548222
Robin Martinez,68,304 Ruiz Estate Apt. 731,Petersonbury,Arizona,53905,-152.033005,23.9040245
Samantha Carson,46,56520 Taylor Hills,Lake John,Maine,81099,-146.534995,-6.7018255
Hannah Thompson,40,400 Lee Mount Apt. 392,Jamesville,Alaska,35027,35.164850,-33.4404925
Roy Bennett,59,71411 Wilkins Harbors,East Sandraburgh,Montana,02567,43.360696,-55.314043
Sandra Johnson,68,747 Simmons Lane Apt. 132,West Erinborough,Nevada,84675,133.573843,-41.3834125
Kimberly Hernandez,72,9155 Anna Burg Suite 414,Nicholasport,Idaho,35031,-64.999918,79.344144
Leslie Gallagher,25,688 Davis Plain,East Stephanie,Iowa,87365,119.759295,55.175292
Michelle Peterson,49,0000 Rich Views,West Nathanielview,California,02263,93.510542,-78.8591725
Todd Conner,39,173 Diane Plaza,East Cody,South Dakota,76686,155.819761,-11.8092555
Brandon Miranda,67,59953 Christopher Land Apt. 312,Yangview,New Jersey,82466,161.875393,-18.883160
Mark Brown,66,916 Smith Square,Jimenezborough,Florida,33971,153.507198,43.2667045
Mallory Gonzalez,59,751 Lisa Terrace,Vasquezchester,Missouri,54707,-57.349754,-52.3464905
Laura Johnson,63,36029 Amanda Roads Suite 360,New Lisa,Tennessee,60715,-74.655892,39.481557
Danielle Riley,75,5625 Mary Plains,Port Mark,Nebraska,67504,-135.503786,-51.6958575
Deborah Kim MD,60,03474 Cynthia Viaduct Apt. 455,Mauriceview,Alaska,04731,-74.898396,-30.472586
Sandra Gibbs,55,8702 Holden Forge,East Lancemouth,New Hampshire,10125,10.502466,85.2251275
James Williams,63,7118 Nolan Village Apt. 962,South Patriciatown,Oklahoma,85473,-145.747757,36.482905
Ryan Ferguson,80,2370 Bishop Expressway,West Matthewburgh,Kentucky,11351,89.985841,24.117461
Angel Maldonado,41,7105 Parker Overpass,North Ericburgh,Ohio,68824,4.908838,-7.634963
Rachel Webb,30,574 Perry Hills,Edwardsside,Kansas,65250,70.859540,-41.758390
James James,32,114 Hall Points,Careyberg,Iowa,49396,122.053546,-69.834593
Ryan Williams,41,88405 Johnson Tunnel Suite 470,Thomasmouth,Montana,99135,121.392051,48.4662585
Sarah Ewing,51,53718 Robert Overpass,Floreston,Idaho,55541,158.732697,29.1226435
Haley Moss,74,91319 Tammy Falls,Scottville,Indiana,84051,-54.240904,88.2802645
Alexander Meadows,70,634 Andrade Port Apt. 098,Smithborough,Maine,44454,145.245212,39.6002595
Brandon Morris,56,7673 Brown Ford,Hannahbury,Oklahoma,29635,-58.755477,76.270531
Peter Schroeder,66,02575 Marilyn Springs,North Benjaminton,Oklahoma,98432,-129.733138,-58.9475495
Roy Norman,47,9431 Jeffrey Neck,Lake Jacob,Virginia,69070,104.791793,65.8188615
Tyler Bryant,51,20347 Tucker Track Apt. 516,West Meghanshire,Maine,53069,39.482606,43.077189
Katelyn Clarke,76,95086 Joshua Port Suite 352,Hayesview,Rhode Island,31372,-122.528191,-61.847458
Allen Flores,69,427 Erica Park,Smithstad,New Jersey,17286,65.775405,15.855325
Megan Martinez,74,284 Christopher Underpass Suite 731,Vaughanview,Rhode Island,17480,36.004822,-54.483935
Vincent Evans,52,8354 Johnston Rest Suite 381,Port Ashleyville,Maryland,52285,-140.594550,-65.818290
Michael Green,73,53425 Jackson Junctions Apt. 420,Franklinmouth,Washington,68483,166.294514,-7.9951805
Jay Huynh,62,633 Vicki Ramp Suite 433,West Kathleenland,Georgia,79017,71.438857,-83.0355275
Christy Abbott,51,2392 Brian Extensions Suite 726,Sarahaven,Utah,22778,97.618051,10.0924295
Heather Johnson,47,87985 Taylor Walk Suite 714,Johnsontown,New Jersey,92003,84.045071,75.0393245
Peter Nelson,63,4184 Brittany Gateway,North Brittanychester,North Carolina,00936,98.904283,-45.2604615
Patrick Gross,75,886 Cox Mount,New Andrea,New Mexico,70266,176.467708,-88.4201925
Juan Carter,70,6361 Patricia Mountain Suite 957,Brianafort,Washington,48492,138.769843,-4.041873
Daniel Luna,20,4031 Reed Courts Apt. 913,South Charles,Nevada,02946,86.960087,-44.694734
Carol Juarez,72,8539 Hayden Motorway,Port Emma,Hawaii,00965,-148.833459,-7.2540635
Suzanne Carroll,78,35279 Rebecca Brook Suite 343,Hansenville,Hawaii,64301,-162.861899,-27.8246325
James Hardy,40,45038 Leon Fields,Lake Victoria,Idaho,16467,79.873882,-10.773702
Carlos Rollins,51,77913 Boyd Ways,West Rodneyland,Louisiana,49468,-39.244712,87.126139
Robert Pacheco,38,1544 Howe Pines,Port Emilyshire,Minnesota,50872,162.084177,36.3026965
Christopher Mooney,21,895 Phyllis Port,Tinafurt,Alaska,24334,81.141990,35.1514275
Virginia Thompson,18,4669 Susan Station Apt. 012,Briggsshire,Delaware,95284,129.524824,-37.4382435
Emily Price,47,1090 Lewis Mountains Apt. 504,Shawnfort,Tennessee,53734,-176.742102,-41.503285
Jeremiah Hicks,61,8527 Tristan Plaza Suite 817,South Brian,Ohio,29251,1.885694,79.5150835
Elizabeth Moreno,37,85245 Dawn Avenue,Hayesbury,Nebraska,38608,-157.027478,-47.8051665
Tammy Coleman,42,27454 Garrison Corners,South Johnshire,Florida,64104,-143.323833,-83.8004495
Christine Hatfield,76,5478 Emily Harbors,Harperborough,Connecticut,34046,-144.237462,-18.410427
Miss Natalie Alvarez,80,69975 Dawn Hills,Lake Emily,New Jersey,19644,111.111902,-67.377146
Dennis Day,76,41804 Emily Parkways Apt. 455,New Lance,Alaska,97318,79.691930,-3.2106855
Mrs. Joanne Perez,48,279 Jones Street Suite 482,Jamesstad,New Hampshire,08510,-47.055540,-70.0272995
Deborah Sawyer,36,6524 Willis Plaza Apt. 436,Jerryville,Nebraska,84093,-56.526913,-80.778447
Aaron Navarro,73,84436 Mcclain Burg Apt. 269,Haleyside,Florida,94208,116.766030,-81.5988795
Victor Galvan,75,0360 Christopher Plaza Suite 409,South Frankhaven,Arkansas,50736,0.842358,75.2536895
Christopher Hamilton,55,302 Joseph Trail Apt. 473,Port Gerald,Colorado,17798,159.893796,-46.9854875
Christopher Moore,75,1793 Jennifer Prairie,New Mitchell,Massachusetts,10463,-132.043955,-37.344676
William Long,26,1355 Ferguson Brook Suite 149,Roybury,Hawaii,81560,-114.014752,8.139145
Catherine Walls,52,1078 Leach Way,Johnborough,Illinois,84837,-76.180626,44.2463115
Jeanette James,21,6315 Patrick Camp,Sandraside,Kentucky,59709,107.259338,-22.477263
David Austin,63,38318 Williams Cove Suite 047,East Mariashire,Colorado,22043,138.528531,-82.1044565
Holly Richardson,59,604 Cody Tunnel Suite 352,Walkerton,North Carolina,48198,40.546124,-63.0618295
Jerome King,42,0208 Bonnie Crossroad,West Hunter,Delaware,08166,19.464517,-67.180433
Robert Cook,22,414 James Ramp Apt. 684,New Christyton,Pennsylvania,85225,-174.276934,-75.1460035
Amanda Smith,71,4489 Gary Estate,New Sarah,Missouri,16496,14.307553,-52.465236
Janice Hutchinson,66,26515 Hunter Landing Apt. 804,Schwartzburgh,New Hampshire,80556,-9.517792,9.322896
Thomas Mason,71,2139 Thomas Roads Apt. 270,West Sydney,New Hampshire,54849,-112.981550,-12.211791
Denise Chase,74,3227 Smith Turnpike Suite 034,Nicoleburgh,Maryland,31097,12.292767,-13.519764
Garrett Archer,80,305 Stark Crescent,Smithburgh,Nevada,57460,67.355853,13.660758
Jacob Henderson,30,73505 Patton Island,Fosterland,Alaska,03913,-82.250958,-21.317443
Terry Jones,20,182 Nelson Port,East Emilyport,Maine,64482,122.456484,-60.761575
Ashley Johnston,39,441 Mason Curve Apt. 780,North Davidstad,Vermont,48007,-127.067392,43.865929
Kara Hurley,33,3262 Blake Pike,New Jason,Texas,02739,118.138693,-5.697538
Kathleen Houston,36,52953 Thompson Ports,Jennifermouth,North Carolina,10149,60.607672,6.521905
Brian Preston,49,956 Barnes Plains,East Kristinchester,Utah,60291,-126.164432,71.596012
Charlotte Haynes,21,3121 Howard Vista,North Sarah,New Jersey,87271,-59.560215,-51.0727955
Anna Huber,55,6056 Chelsea Mountains Suite 259,North Samuel,New Mexico,39404,-65.542548,-28.673846
Olivia Graham,44,391 Richard Springs Suite 729,West Stephanie,Connecticut,61717,-120.400040,47.1876775
Amy Maldonado,79,73179 John Curve Apt. 602,East Kelly,Arizona,67033,-38.533909,-78.578430
Brandon Moore,28,11177 Mallory Divide Suite 180,Lake Jeffrey,Texas,54747,65.099297,73.540548
Craig Garcia,47,69511 Thomas Road,Michellefort,Arizona,79798,-118.281232,-17.799577
Paul Ramos,30,2584 Hall Corner,Christopherland,Mississippi,71928,152.830136,70.356295
Kathy Leblanc,49,7407 Peter Stravenue Suite 933,Brennantown,Oklahoma,63357,9.149945,49.008818
Terry Reed,55,31174 Andrews Grove Suite 773,Torresport,Louisiana,83130,51.562691,3.399480
Clayton Hess,69,6082 Cooper Mews,Harrischester,Pennsylvania,71404,42.334287,-53.674070
Gary Randall,70,44380 Jillian Meadows Apt. 112,Lake Brianmouth,New Mexico,19958,116.958784,14.7824355
Theodore Reyes,65,298 Stark Expressway Suite 159,South Andrewfurt,Illinois,80416,74.354776,88.924193
Bryan Jones Jr.,54,792 Amy Islands,New Brandiview,Kansas,22203,54.980388,-63.892638
Andrew Price,45,51513 Amber Locks,Port Jerry,Indiana,52890,57.268778,-51.706989
Katherine Meyer,52,94912 Ashley Glen Apt. 137,North Kristen,Hawaii,15012,-149.419047,-77.1190065
Brian Nelson,78,3028 Silva Springs Suite 053,West Darleneland,Washington,08794,16.559638,-13.168245
Alex Allen,27,9122 Wolfe Mountain Suite 119,Campbellland,Georgia,11312,110.347470,14.8517175
Robyn Thompson,45,9300 Andrea Grove Suite 887,Nicholasburgh,Vermont,76661,144.316706,81.3209425
Julie Mcknight,67,0744 Coleman Keys Apt. 230,Jonbury,Alabama,13867,64.803564,37.8159005
Juan Reyes,77,15723 Phillips Flat,Port Kimberly,Illinois,85974,-159.599225,-40.273642
Amber Kim,25,20242 Stark Stravenue Apt. 033,Tylerside,Indiana,42178,93.485837,38.7444905
Nicole Woods,74,75090 Burns Ford Apt. 066,South Melissatown,Georgia,39054,71.564580,-66.2380165
Margaret Guerra,45,3142 Johnson Camp,Phillipsmouth,Illinois,48677,-31.190707,-59.8009575
William Johnson,37,644 Williams Mill,South Johnnyburgh,Mississippi,10041,132.633944,36.898685
Darren Lewis,36,6313 Veronica Springs Suite 791,South Matthew,New Hampshire,61474,42.780790,-85.5325275
Kimberly Cervantes,38,6608 Marilyn Wall Apt. 122,New Amystad,Arizona,24516,-58.372356,-8.245462
Teresa Curtis,22,740 Sarah Circle,North Patricia,Idaho,86055,-105.048866,-70.522492
Wesley Moran,29,692 Melissa Extensions Suite 547,North Jacquelineville,Kentucky,01314,-21.310221,-51.355459
Karen Davila,64,49145 Brown Run,Angelaberg,Montana,20776,-69.476288,41.3528595
Kyle Steele,75,335 Ellen Ramp Apt. 313,West David,Georgia,56435,135.098695,-25.3823215
Shannon Robertson,25,11996 Tony Village,North Sharon,North Dakota,92270,168.111208,81.4446075
Jesus Brown,37,4508 Gaines Shores Apt. 449,Garciashire,North Dakota,19150,-126.731410,-84.257304
Anthony Spencer,51,746 Lee Roads,East Robert,South Carolina,99184,63.308060,0.6707735
Lee Cook,24,36923 Kane Spurs,Pricehaven,California,76733,-142.802037,6.205458
Marie White,60,06987 John Gardens Apt. 264,Lake Elizabeth,South Dakota,14469,98.090703,-52.3418225
George Sharp,19,28579 Jennifer Bypass,North Thomas,Kentucky,30338,112.717938,-46.849581
Billy Copeland,23,43197 Humphrey Ranch,Parkerberg,Florida,45504,35.619529,38.761935
Jennifer Huff,29,294 Anna Meadows Suite 018,Port Kenneth,Arkansas,19019,89.165910,-23.915378
Valerie Payne,65,79667 Brad Ports Suite 267,Lake Anthony,Idaho,77592,155.179981,73.7848415
Amy Roberts,19,3205 George Forest Suite 295,West Joshua,Washington,85564,-145.864918,-4.031577
Michael Wolfe,57,87871 Jesus Summit,Port Stephanie,Wyoming,26702,104.102323,-73.671147
Rachel Banks,38,48368 Theresa Fall,Gloverstad,Iowa,40964,3.427752,-70.1325465
Kristine Evans,43,08701 William Forest,Normanside,New Mexico,90301,-34.484188,-62.900645
Kelly Wade,41,1032 Jeffrey Spur,Wilkinsside,West Virginia,79954,160.669312,81.730634
Monique Walls,72,26668 Donald Lodge,North Andrewchester,Maine,11785,14.030341,18.0786675
Andrew Alvarado,22,2375 Shelley Crossroad,Jamieland,Wyoming,41473,34.571721,-88.948536
Jared Ortega,23,65338 Thomas Roads,Millerview,Massachusetts,98196,-95.538823,64.3300815
Michelle Chan,57,85340 Baird Throughway,Port Rebecca,Alaska,58558,59.089223,-69.928729
Ryan Ferguson,80,255 Weber Island,Lake Breanna,West Virginia,03032,58.049517,70.725716
Daniel Cruz,60,109 Julia Squares,Lake Jessica,Wisconsin,51023,-80.053131,-40.6038335
Robert Calhoun,34,5879 Keith Court,Brownfurt,Pennsylvania,09883,-40.945220,49.6809525
Ethan Rogers,75,069 William Plains Apt. 868,East Robert,Tennessee,75055,111.139576,-37.147587
Kelly Hicks,71,90037 Robert Meadows,New Tracyland,North Dakota,87973,-53.707531,28.8628475
William Garcia,18,90070 Fleming Union,West Sheilaborough,Iowa,56794,-63.779268,-84.823824
Mr. Derrick Reid,67,3858 Jeffrey Knolls,Hernandezton,Iowa,16990,-136.040761,15.546278
Toni Wilkinson,38,612 Valerie Flats Suite 385,South Shane,Missouri,88161,123.368900,10.4000845
Whitney Torres,24,704 Perkins Viaduct Suite 960,Donnamouth,South Carolina,80966,-169.762137,12.4582345
Amanda Harper,38,84734 Lisa Ridges,Amyborough,Montana,54161,82.611979,35.074934
Debra Luna,21,10244 Ramirez Hollow Apt. 438,Port David,Pennsylvania,92995,-146.011358,83.0662155
Brenda Tyler,77,97267 Rose Prairie,Edwardsstad,Texas,20276,87.320963,-64.8143605
Peter Hamilton,40,645 William Locks Suite 094,Lake Sheenabury,Nebraska,76110,20.267812,71.2455375
Terry Curry,40,3327 Janet Pines,Stevenland,Florida,58427,68.785659,28.049468
William Rivera,29,239 Katherine Summit,South Davidtown,Wyoming,84340,-46.361808,77.5066435
Maria Brewer,79,050 Garcia Drive Apt. 898,Lake Andrew,Vermont,54396,21.988870,62.409030
Laura Miller,78,1134 Howell Union,East Laurie,Texas,97116,-89.469610,85.285301
Frank Moss,36,9694 Nancy Dam Suite 936,North Jennifer,Nebraska,85558,-151.303133,75.307166
Juan Davis,70,32200 Michelle Row Suite 779,New Benjamin,Indiana,78225,-87.372779,-85.7065185
Carla Kennedy,21,53810 Howard Village,Travisbury,Idaho,79087,16.582110,-31.637938
Mark Moore,38,5464 Fisher Locks Apt. 583,Scottton,Kentucky,24146,172.480367,47.3879265
Gregory Arroyo,52,4780 John Villages Apt. 922,Aliciaburgh,Connecticut,05487,51.927521,62.489631
Mason Carter,56,9111 Mcknight Run Apt. 010,North Wandaburgh,New York,16035,-64.840746,57.503369
Antonio Lopez,44,548 Thompson Orchard Apt. 701,New Eduardofurt,Iowa,20267,-179.683570,20.0671725
Dr. Penny Ballard,51,46544 Loretta Rapid Apt. 810,Wayneland,Nebraska,15573,52.687025,13.9528085
Daniel Walter PhD,54,4821 Johnson Lane,Dunnport,New Jersey,40465,-137.560390,65.971527
Nicholas Kelly,56,442 Jennifer Springs,Lake Katherine,Massachusetts,16793,107.565020,5.366454
Valerie Martin,76,159 Flores Camp Apt. 323,North Douglaschester,Indiana,61294,153.620115,-31.7423175
Erika Mendoza,53,3487 Valencia Tunnel Suite 204,Lake James,Ohio,83515,47.037489,-29.4935075
Norma Chavez,22,351 Brittany Isle Suite 863,Lake April,Colorado,02622,82.865454,-16.1373465
George Ramos,41,6408 Pena Inlet,North Christinefurt,Illinois,09468,-16.878788,-4.305395
Zachary James,43,145 Michelle Neck,Jesseville,Texas,69338,-126.160348,-32.3550485
Denise Carson,36,072 Jennifer Square Apt. 427,West Robert,California,11572,72.848319,-55.123649
Stephen Myers,80,815 Mejia Camp,Taylorton,Arizona,88687,69.338537,86.2276145
Darryl Wilson,74,22893 Danny Cove Apt. 903,Colefort,South Dakota,19304,72.926192,69.494114
Terry Merritt,57,6798 Taylor Mountain Apt. 561,New Helenton,New Jersey,86053,-137.634058,57.951310
Laura Rosario,59,97096 Christina Road,Peggyport,Idaho,49189,-17.975315,50.9908795
David Daniels,78,543 Richard Turnpike,Port Tamaraside,Florida,63030,105.276140,89.697973
Olivia Vincent,76,910 Amber Manor,Deanbury,Maryland,15968,97.538007,76.8023055
Dr. Michael Murray,35,0498 Hayes Overpass Apt. 073,Cookland,Wyoming,33852,71.742997,-12.090725
Tina Sandoval,45,806 Alyssa Parkways,Whiteland,Idaho,59343,94.306083,-28.9952935
Eric Jones,33,6032 Miller Fall,Taylorchester,Oregon,95866,-14.831627,15.131505
Lisa Campbell,43,736 Nguyen Passage,Nicolemouth,New Jersey,86028,121.263533,57.7700505
Jordan Harper,43,7721 Le Islands Apt. 609,East Nicole,Michigan,54597,29.709361,5.844954
Steven Simmons,66,20081 Madison Shores Suite 696,East Kathryn,Connecticut,32629,80.427526,-64.047829
David Salinas,57,139 Glover Canyon,South Christopher,Kentucky,07839,-130.150570,-42.213181
Christopher West,78,82268 Brian Ridge Suite 010,Khanberg,California,37919,-10.754482,-43.615621
Nicole Pittman,24,35779 Christopher Burgs,Turnermouth,Montana,65174,14.928122,-85.7207055
Eric Soto,57,18671 Mark Springs Suite 027,West Paulstad,Maryland,70257,-127.008167,-29.7117485
Rebekah Cochran,58,4629 Perez Lakes,Smithview,Kansas,39439,-47.034296,-55.4817025
Angela Ritter,79,1656 James Shoals,North Shaun,Arizona,46490,101.997003,74.0125085
Jeffrey Castro,42,136 Todd Viaduct Apt. 358,Gonzalezhaven,Montana,93826,86.119187,-71.415163
Douglas Stewart,50,3289 Fisher Street,Gardnerfort,Indiana,55136,-65.783209,-32.776086
Adam Bautista,59,85913 Melanie View,East Ronaldberg,Nebraska,13374,-101.024375,34.6249405
Nicholas Horton,64,773 Melissa Run Apt. 932,Port Abigailburgh,North Carolina,63309,-98.925802,-1.6757665
James Young,39,7098 Kevin Fall Apt. 760,Chelseaville,New Mexico,07934,75.669030,68.2396485
Matthew Holloway,80,42644 Brenda View,Hernandezville,Georgia,26256,-11.112082,83.407692
Christopher Meza,19,0672 Nathan Glens Suite 132,Lisastad,Virginia,78484,120.210772,-65.5963855
Donald Powell,27,85553 Collins Hills,Powellport,Kentucky,37965,132.662687,-19.405430
Manuel Coleman,40,70705 Troy Creek,East Courtney,South Dakota,18167,107.485164,-56.4377555
Elizabeth Holden,79,51247 Elizabeth Parks Suite 049,North Andrew,Texas,93843,-146.386227,-48.3591185
Bianca Sparks,80,0599 Bell Loaf,Parkerside,Montana,53730,107.624299,9.867634
Michelle Barr,45,8944 Johnson Parks,Conradport,Indiana,94612,114.580917,84.920408
Janet Parks,65,05935 Andrew Lane Suite 602,Markmouth,Texas,72533,176.613222,-55.058752
Alicia Hall,65,2876 Jo Pass,Danielmouth,Massachusetts,76349,67.870704,-61.8884735
Melanie Fields,73,0155 Gilmore Ferry,New Chad,Nevada,37451,104.930901,65.8551795
Russell Watts,50,24171 Jenna Meadows Suite 825,Lake Davidfurt,Pennsylvania,18044,68.740985,22.091037
Robert Ramirez,36,235 Thompson Estates,Colechester,North Carolina,39541,42.355869,82.7030405
Carla West,18,24808 Patricia Point Suite 111,Paulburgh,North Dakota,04802,-38.286014,-8.308579
Cory Marshall,74,715 Melissa Mission Suite 312,Krystalfurt,Kentucky,91729,1.371699,-83.1236345
Dr. Antonio Stevens,62,727 Cunningham Plains Apt. 361,Sanchezburgh,Virginia,77222,-35.411148,68.0637395
Cynthia Johnson,53,20981 Phillips Camp Apt. 463,Kellyside,North Dakota,04604,-142.685580,58.3800875
Tonya Pearson,58,5091 Arthur Fields Apt. 254,Adrianashire,Wyoming,62045,-118.912433,-16.294416
Matthew Mills,36,5994 Rivera Ford Apt. 031,Stephanieport,Oklahoma,29113,136.462539,-3.081734
David Murphy,66,004 Maria Park Suite 131,Lake Sharonfort,Massachusetts,38746,100.675339,79.365178
Steven Gonzalez,42,7714 Sylvia Forges Apt. 173,New Sean,Nebraska,61129,-104.395685,-44.4885005
Samuel Hernandez,45,48140 Mike Oval Apt. 887,Port Patriciaview,California,28330,-74.111058,42.278145
Tammy Gonzalez,67,347 Jennifer Crossing,Port Raymondberg,Alaska,73434,-166.607824,74.7703195
Travis Todd,23,92691 Anderson Park,West Natalie,Missouri,35227,54.361084,-63.668239
Stephen Ortiz,49,31237 Wood Bypass,Murphystad,Minnesota,35789,-153.199573,-46.609047
Raymond Burton,27,51394 Jamie Crossroad Apt. 548,Port Debraborough,Ohio,25551,-124.674967,9.3664395
Mark Miller,52,207 Hull Mountains Suite 520,East Travis,Florida,11599,66.573558,18.722308
Gregory Hughes,23,8392 Walker Roads Apt. 117,Kennedyshire,Maine,43646,80.752941,-54.5390385
Edward Ryan,34,58202 Jackson Circle Apt. 998,South Richard,Washington,20170,35.838666,23.848994
Tami Morales,67,7928 Martin Hill Suite 078,North Sarah,Delaware,98484,123.177281,-68.0158175
Cheryl Fletcher,42,118 Whitney Shore Suite 211,Adamsstad,Montana,00548,-111.030619,22.268992
Matthew Hansen,78,86232 Keith Stream Suite 905,Bradleyville,Pennsylvania,60552,-41.930534,-15.311707
Emily Howell,41,6619 Smith Forge Suite 984,Bettyfurt,South Dakota,56110,-32.672947,-43.1732545
Tanya Wright,26,5455 Wright Locks Apt. 663,Joshuaside,Missouri,58316,-119.687125,27.690252
Scott Austin,25,971 Theresa Burg,South Melissa,Maryland,38853,-63.409963,-17.996769
Anthony Pena,60,322 Cunningham Gardens Suite 248,Nelsonhaven,North Dakota,56530,-55.431337,-37.0070165
Terry Stafford,52,6104 Horne Manor,Kimland,Arkansas,05528,59.305709,-45.1972125
Michael Craig,58,15260 Patrick Divide Suite 891,West Kathryn,New Jersey,06073,-110.613682,24.584855
Mary Summers,68,41509 Joseph Glen,Hatfieldhaven,Connecticut,21433,-119.313658,42.121282
Stacey Campos,80,766 Heather Summit Suite 317,Contrerasland,Louisiana,63101,91.443864,-58.832759
Alexandra Craig,30,28744 Mitchell Hill,Blankenshipstad,Arizona,85414,-28.563519,69.152452
Patricia Jones,68,531 Anthony Shores,Cherylstad,Minnesota,94006,138.469888,-54.466723
Claire Andrews,54,360 Mitchell Corners Apt. 349,Walkerton,Kentucky,94742,177.173307,50.286684
Kristina Williams,54,94308 Perez Views Apt. 642,Wendyshire,Alaska,75497,33.480479,-69.3672645
Sara Bennett,69,26256 Barbara Cape Suite 645,Francismouth,Virginia,48771,24.068674,-24.9599395
Jeffrey Jones MD,42,577 Anderson Meadows Suite 845,North Vickieberg,North Carolina,72652,-140.086063,-52.930302
Nancy King,24,08980 John Lock Suite 392,Kramerside,New Jersey,59617,-124.925951,11.4398475
Christina Johnson,79,45090 Pearson Prairie,Reidside,Washington,07194,94.549296,-3.089040
Patricia Salazar,56,707 Rodriguez Manor Apt. 269,Lovefort,Georgia,97778,-75.341712,-8.958813
Wesley Ryan,68,1585 Jamie Camp Apt. 382,Joseshire,Pennsylvania,21963,76.168297,-78.138044
Thomas Wilson,49,2909 Summers Drive,Port Dale,Florida,84671,-169.208708,62.477458
Cody Fox,52,11469 Harris Forks Apt. 928,Brewerbury,Hawaii,45490,120.990013,31.6789965
Ronnie Tran,80,2494 Patrick Corner Suite 571,South Logan,Vermont,06021,166.895004,89.5942965
Jillian Richard,19,1501 Shaw Parkway Suite 968,South Crystalfort,Montana,28281,79.388463,28.303684
Nathan White MD,29,0904 Robert Orchard Apt. 408,Houstonbury,Hawaii,79342,0.171423,-32.8957605
Mr. Adam Hartman,47,87035 Ho Mission Suite 571,Kochfurt,Washington,48649,168.237060,86.1661025
Carolyn Boyd,70,03055 Angelica Lodge Suite 366,North Carolyn,West Virginia,66294,130.500859,10.075981
Mike Ortega,19,51074 Lawrence Brooks,Kyliefurt,New York,26344,138.520787,37.1482025
Darren Carpenter,39,725 Martinez Squares,South Ashley,Oklahoma,78628,37.493943,7.113356
Heather Lewis,66,08391 Brenda Park Apt. 282,Heidifurt,Florida,31899,49.107196,2.3560865
Elizabeth Barr,60,565 Donna Meadows,Jessicaberg,West Virginia,38562,3.827132,3.9150955
David Kelly,38,464 Norman Course Suite 842,East Matthew,Florida,53295,-151.578264,-38.271838
Mark Suarez PhD,24,235 Rodriguez Path Apt. 865,Sanchezbury,Ohio,24496,-75.116470,-53.076380
Diana Bush,25,63217 Sierra Spurs,Royburgh,Oklahoma,47713,154.828336,38.057747
Shelley Garrett,55,24606 Matthew Pine Apt. 002,South Cynthiatown,North Carolina,20666,167.916947,-44.292913
Grant Thomas,51,75546 Bernard Burgs Suite 974,Port Jefferychester,Kansas,81711,164.193546,-42.721854
Robert Evans,39,826 Gibson Lakes,Deborahberg,Virginia,91494,-85.104395,18.2450125
Mark Edwards,76,76081 Richardson Mission,South Chelseychester,Georgia,90507,-102.277722,-75.8459165
Derek Gonzalez,23,72201 Mcmahon Walk,New Julie,Illinois,34081,-106.256034,48.954913
Joyce Wagner,56,704 Acosta Grove Suite 211,New Amy,Georgia,30230,26.352908,-72.363837
Scott Vega,68,0462 Arthur Expressway Apt. 038,Kellyland,West Virginia,50962,78.608507,12.310070
Michael Davis,30,911 Weaver Pine,Justinton,Colorado,23438,-133.671621,-43.6809505
Anthony Lee,39,67486 Robert Lights Suite 856,Jefferyview,Indiana,34558,4.833097,-19.388990
Michael Johnston,77,11531 Ellis Ranch Suite 531,West Miketon,Michigan,30882,-126.134655,-86.627713
Eric Fox,23,52359 Curtis Lake,Julieton,Georgia,53551,102.816199,89.4094545
Melissa Torres,63,34665 Joshua Way,Mathewfort,Connecticut,38262,-97.958682,10.6360935
James Mcintosh,77,082 Howell Viaduct,Christopherland,Maryland,29495,95.876780,36.579532
Sarah Brown,28,46487 Joseph Villages,Bryantmouth,Maine,89383,-177.860471,65.773013
Donna Kelley,60,2263 Ashley Radial,Haydenberg,Wisconsin,55649,148.035428,-41.0014315
Peter Chapman,41,607 Kane Plain Apt. 534,New Reneemouth,Wyoming,43799,-91.832903,-33.5614025
Jodi Murillo,20,3705 Catherine Burgs Suite 811,Lake Rickland,Arizona,49135,-106.255155,-79.5072165
Felicia Meyer,64,12376 Murphy Well Apt. 069,Kellyville,Delaware,44423,77.899000,24.832736
Timothy Ellis,78,505 Gregory Junctions Apt. 839,Cainburgh,Kentucky,67190,122.019438,-4.892610
Rebecca Hunt,47,44471 Kelsey Plaza Suite 980,Potterhaven,Iowa,06992,89.274986,85.164829
Heather Mays,70,126 Cooper Haven Apt. 200,West David,West Virginia,33193,-110.169240,72.969149
Holly Maldonado,50,81023 Ross Island Suite 467,New Larryborough,Maryland,93596,68.601541,-83.6273115
John Flores,51,4278 William Causeway,South Jessica,Vermont,00541,-147.601270,83.856369
Paul Sanders,35,8570 Benjamin Freeway Suite 683,Laurashire,Indiana,99746,-178.307895,73.6542585
Kevin Guzman,74,136 Alicia Harbors Apt. 972,Josephstad,Pennsylvania,85368,65.898839,-7.6568505
Melanie Mercado,56,828 Taylor Lock Suite 644,Bettyfurt,Missouri,00505,168.566798,21.3080795
Daisy Evans,78,153 Julie Mall,West Joseph,Nevada,87990,-132.519124,-12.8493845
Charles Green,58,116 Kevin Views Suite 332,Port Gabrielshire,Nevada,52973,43.578503,-53.885439
Sherri Daniel,73,328 Eric Summit Suite 497,East Tony,Tennessee,54637,111.808513,63.7103775
John Gonzalez,55,6340 Joseph Green Apt. 983,South Matthewburgh,Arkansas,71133,59.724728,25.713684
Jason Combs,23,204 Andrew Ramp Apt. 438,Debraton,Illinois,76559,19.848311,76.7071885
William Hubbard,37,4485 Chelsea Lights,Ritamouth,Washington,38567,-113.956005,71.4387515
Allen Cardenas,20,69280 Janice Park Suite 148,Bonnieland,North Carolina,86446,133.966393,17.649062
Jennifer Robertson,53,563 Rebecca Way Apt. 802,New Andrea,Missouri,76461,178.601877,88.5195375
Stephen Snow,77,87820 Garcia Cape Apt. 238,North Saraborough,California,74218,117.571463,81.113983
Judy Lutz,73,91671 Robert Meadow Suite 897,West Zoebury,Rhode Island,80816,-153.569050,-45.057123
Ronald Davis,71,75220 Virginia Plain,New Gabriela,Colorado,55042,-155.565995,57.663541
Theresa Spencer,50,62610 Andre Lodge Apt. 168,Gregorymouth,Florida,04416,-72.782772,-43.241908
Shawn Mahoney,21,6681 Denise Plaza Apt. 426,Port Todd,California,69562,116.269050,35.2942935
Kayla Ramos,42,46052 Melinda Center,South Markfort,Iowa,95133,-1.994303,-60.8861745
Emma Martin,57,4707 Abigail Locks Suite 288,East Brittanybury,Kansas,27466,75.599563,62.5995425
Felicia Martin,48,673 Cassandra Road Suite 411,South Travis,South Carolina,18082,110.233096,62.3279335
Brian Davis,59,6675 Brown Neck Suite 531,Port Robin,New Jersey,09127,-76.092705,-32.210813
Aaron Hodges,74,384 Kim Path Suite 125,New Carla,Arkansas,34019,-23.737970,-3.9100985
Frank Wilson,43,89380 Charles Cliffs,Huntborough,Iowa,65311,42.359653,73.0659865
Matthew Hart,42,96013 Ashley Ville,South Paul,Colorado,47217,111.793522,10.3495375
John Martin,58,912 Alisha Forge,Port Michael,West Virginia,18526,167.611992,-4.7121155
Roberta Rivera,71,2292 Castro Street,West Jeffreyborough,Kansas,06752,45.729894,-29.871346
Patrick Myers,41,043 Ryan Plaza Suite 538,North Julie,California,30967,101.090370,88.9869245
Kristin Keith,45,2389 Noble Well,Arnoldland,Iowa,48429,-43.806563,61.071854
Matthew Key,73,9882 Laura Shores,East Julie,Massachusetts,39320,29.369699,-76.6078185
Stephen Jones,71,08592 Benjamin Flats,Comptonfurt,New Mexico,13211,-133.928732,-49.2348965
James Moore,77,032 Wiley Light Suite 276,New Stephaniehaven,New Mexico,13859,166.751430,7.071423
James Gonzales,47,32556 James Path Apt. 484,Port Richard,Nebraska,66408,-51.885211,-80.499621
Christopher Morris,30,848 Velez Extension Apt. 039,Romanview,Minnesota,22327,-148.878359,-80.4223605
Michael Simmons,51,632 Gregory Pike Apt. 595,North Ericland,Illinois,05851,93.204851,62.697593
Kimberly Wong,45,2091 Thomas Fall,Sanchezberg,Wyoming,43941,112.662361,-48.321345
Patricia Morris,52,2038 Rachael Ramp Suite 424,Justinberg,Wyoming,53241,-130.225789,40.462882
Anthony Bridges,70,46895 James Square Apt. 320,Christopherbury,Indiana,13423,-23.007893,-29.613068
Brian Dean,28,4641 Roberson Spurs,North Leslie,Pennsylvania,75504,-74.609442,37.4435735
Deborah Farmer,33,8373 Allison Heights Suite 441,Lake Justin,Massachusetts,70443,-175.268340,-20.554767
Daniel Schultz,56,797 Juan Mountain Suite 165,Thompsonmouth,Oklahoma,54185,-137.128625,54.826750
Candice Green,25,810 Reynolds Cliffs Apt. 735,Kathrynshire,Nebraska,63739,-113.295413,-54.9270365
Kimberly Russell,43,310 Carson Pike Suite 858,West Micheleport,Idaho,19930,-160.146309,-8.1628625
Julie King,46,89406 Darren Extension,North Lisamouth,Connecticut,10693,-161.384412,-71.393742
Pamela Scott,73,773 Lopez Street Suite 491,Schmittstad,Oklahoma,37184,86.705452,45.6789185
Molly Palmer,32,1645 Ashley Brooks,South Kevin,Oklahoma,70818,73.717076,-75.210256
April Jackson,69,09651 Garcia Court Apt. 888,Sarahville,West Virginia,82986,-157.200909,14.396279
Ryan Lowery,78,0105 Brooks Via Apt. 564,Fullerhaven,Arkansas,63449,-103.014809,1.203656
Richard Wilson,20,47249 Donovan Court,North David,North Carolina,93289,-124.955311,76.464748
Brian Smith,68,10045 Estes Crossroad,Port Deborah,Kansas,79244,-158.950987,-60.965948
Thomas Johnson,50,74203 Kristine Springs,East Gregory,Idaho,62757,115.306045,-76.6161165
Bruce Foster,38,43876 Christine Walks,Burkefurt,Kentucky,85475,101.074750,6.6650585
Joshua Williams,75,7826 Mack Divide,Boylestad,Utah,91384,68.276415,23.1699665
Catherine Brown,79,7479 Warren Ports Suite 181,Timothyland,Ohio,20005,144.196957,-1.256431
Adam Howe,51,513 Craig Rest,New Tonytown,Vermont,73250,137.134135,-51.524905
Gary White,51,02191 Raymond Villages Apt. 301,East James,Ohio,57057,-134.567459,-18.021379
James Williams,40,75598 Coleman Hollow Suite 025,Kristiehaven,New Hampshire,35104,65.584631,76.0986195
Richard Carney,45,630 Shane Rapid Apt. 906,Rosarioport,Rhode Island,76577,-22.504583,41.3729175
Allen Anderson,52,971 Steve Place Suite 039,Halltown,Missouri,90951,-10.390626,-10.0924685
Christopher Jimenez,24,8496 Holmes Terrace,Port Ricardoton,Pennsylvania,15194,-34.743634,-5.9103625
Lisa Ortiz,75,55340 Elizabeth Garden Suite 994,South James,Maine,37219,38.741877,22.4564135
Joseph Juarez,27,1518 Evelyn Lock Apt. 470,Hamiltonburgh,North Dakota,28952,-80.410505,74.131713
Phillip Silva,57,24254 Tiffany Wall Apt. 934,South Haroldport,Nevada,14751,-24.450922,-51.696149
Sarah Benson,33,04859 Billy Pass Apt. 237,New Sarahburgh,Montana,07113,16.907375,-60.3482725
Claire Nelson,27,056 Flores Locks,North Jonathan,Nebraska,75623,-51.902600,55.3558805
Susan Rodriguez,46,410 Marissa Motorway Suite 806,Heatherside,Minnesota,34973,24.603621,50.151373
Susan Peterson,18,7217 Stephen Prairie Apt. 977,Schultzburgh,Maine,85991,-34.871256,-1.0149445
Dale Gallagher,42,7176 Scott Parkway,New Dustin,Utah,45050,-38.187911,-30.0459435
Justin Cruz,39,202 Dennis Prairie Suite 778,Robertmouth,New Jersey,93959,80.980082,17.751065
Kara King,36,28540 Johnson Extension Suite 981,Pierceland,Massachusetts,44378,86.736297,-60.070090
Felicia Sanford,30,69508 Hernandez Islands,Tuckerview,Nebraska,22699,-132.981740,83.739028
Jeffrey Moore,26,7141 Savannah Fort,Shawnstad,Alabama,96111,38.714855,-46.937810
Cindy Best,19,3710 Patrick Mill Suite 580,Hortonville,Washington,70438,178.583082,-11.1898875
Debra Lane,48,5086 Gill Manor,Garrettshire,Montana,54036,-56.603893,69.4025405
Phyllis Boyd,36,1545 Ricky Valley Suite 196,Port Johnstad,Vermont,28464,152.756890,-36.043725
Jenny Jackson,41,9939 Rodgers Fields,Port Jacobport,North Carolina,47884,-178.434868,-54.1460935
Sarah Bennett,64,8002 Bailey Well Suite 323,South Jeffreyshire,Arkansas,55678,136.759570,-84.9777015
Mrs. Katrina Hamilton,74,9114 Tyler Glen,Wagnermouth,Massachusetts,70031,36.107351,-37.887273
Christine Thomas,68,6988 Carmen Via Apt. 880,Lake Chelseaport,Vermont,30785,47.399488,0.6641825
Cynthia Camacho,72,7169 Williams Road,Lake Brianport,Indiana,28318,14.766340,-39.610502
Vickie Arellano,63,653 Tanner Streets,East Arthurshire,Iowa,11410,12.039117,-80.7515785
Nicole Lee,18,21275 Elizabeth Point Suite 657,Hoganfort,Indiana,66976,72.349422,-61.789885
Lisa Coleman,80,747 Rebecca Walk Apt. 813,Wangberg,Minnesota,80448,55.072270,-89.815312
Edgar Martinez,54,4068 Rachel Mountains,Hernandezside,New York,54640,41.120248,-22.0298445
Patrick Foster,27,9657 Sandra Terrace Apt. 078,Flemingmouth,Colorado,63321,-86.401652,56.2519025
Teresa Drake,47,6039 Sally Trace,Lake Barbara,Vermont,14982,93.748510,36.0675795
Patricia May,35,994 Thomas Fields Suite 119,Kathyfurt,Arizona,07276,-123.640194,-0.877555
Travis Smith,30,85873 Schaefer Inlet,South Gina,Pennsylvania,13864,178.761398,-33.069420
Kelly Paul,29,2032 Griffith Union,Rachelstad,Vermont,67997,75.699873,-40.200503
Christopher Greene,68,52656 Perez Valley,Brianhaven,Arkansas,57677,23.156571,-64.1777705
Dylan Harris,63,847 Pamela Branch Apt. 253,Port Kimberly,Mississippi,90183,26.776775,-29.698124
Sabrina Baker,77,244 Troy Row Apt. 595,Alexandramouth,Rhode Island,79871,79.189646,-53.692125
Kimberly Anderson,52,931 Fletcher Curve Suite 216,North Jerryfort,South Dakota,22786,157.815214,46.947266
Carlos Ballard,41,311 Dillon Landing Suite 456,West Christianton,Missouri,01829,-20.153806,17.113483
Kathy Mcintosh,25,985 Miller Road Apt. 697,South Michael,West Virginia,71427,-87.739553,-46.5337645
Justin Morris,76,903 Dominguez Ford Suite 499,Millermouth,Nevada,39837,-79.574356,-28.164095
Walter Adkins PhD,23,35526 Shelby Prairie,North David,Delaware,34464,104.072349,8.418139
Dr. Erika Clements,55,5343 Odonnell Cape,Mariaburgh,Nebraska,21184,31.352780,73.108836
Brenda Ball,59,54907 Jennifer Walks,Lorimouth,Alabama,53673,12.846805,-20.481548
Tyler Bell,56,545 Joseph Ways,Masontown,North Dakota,34267,141.309156,45.2262595
Rebecca Campbell,49,026 Michael Brook,West Rebeccaview,Maine,73253,161.561037,86.761657
Melinda Porter,52,847 Gary Route Suite 719,Burnstown,Nevada,91715,-140.560416,75.4516875
Jonathon Smith,76,9409 Morton Ports,Katiefurt,Kansas,13957,-94.670318,-62.754984
Heather Brown,63,935 Christine Greens,West Andreaside,Mississippi,05842,27.261086,-48.781031
Mrs. Victoria Mack,59,423 Nicole Way,South Juliefort,Maryland,68673,22.138291,-19.7685425
Jocelyn Morris,65,8827 Anthony Ridges,East Michelle,Rhode Island,96272,10.408045,60.866959
Phillip Hicks,23,955 Randall Inlet Apt. 664,Leeborough,Connecticut,43601,36.723037,-84.655719
Kaitlyn Thompson,66,110 George Junctions Apt. 153,Edwardsbury,Delaware,50581,-82.386228,-38.648400
Randall Nguyen,31,8003 Robinson Junction,Nicholasmouth,Mississippi,23489,-160.815731,-38.360255
Stephanie Walsh,19,349 Garcia Coves,Lake Janetmouth,Kentucky,02788,-17.194113,-38.056692
Heidi Doyle,77,8735 Briana Brooks Apt. 196,Janetstad,Nevada,87724,143.038896,88.996762
Victoria Martinez,39,5755 Underwood Mission,Port Heidifort,Mississippi,10560,74.511616,-88.4403545
Timothy Moreno,35,4534 Casey Avenue Apt. 202,Glennfort,Arizona,77444,60.305040,50.6272595
John Rodriguez,59,038 Lin Trail,Montgomerytown,Tennessee,37998,-134.644828,30.3105425
Rebecca Lane,38,9283 Bush Drive Apt. 384,Wilsonfurt,Oregon,63701,120.466050,89.3766965
Denise Robinson,35,99110 Richard Wells Apt. 849,Lake Christophertown,Washington,98643,132.422695,24.4107445
Melissa Vaughn,53,880 Phelps Islands,Moraland,Arizona,56317,178.278934,-42.9662785
David Gibson,51,6264 Singleton Squares,Harrischester,Maine,32341,-138.354947,6.399343
Mrs. Samantha Hanson DDS,71,454 Taylor Loaf Apt. 396,East Crystal,West Virginia,52936,-138.155970,21.9537165
Brittany Murray,52,53312 Jonathon Plaza,Michaelberg,Virginia,33300,-142.867777,-72.5213935
Kevin Turner,52,721 Nicholas Shoals,Hurstfurt,Iowa,84638,82.845660,29.915254
James Reed,36,646 Cynthia Mission Apt. 217,Port Joshua,Pennsylvania,00729,-87.680131,-13.126228
Roger Rivera,66,05050 Rollins Route,New Jesusview,Minnesota,81463,-88.285894,87.1252465
Parker Lawson,48,08485 Jenna Walk Suite 319,South Cynthiaport,Texas,29826,48.455408,54.574831
Heather Fischer,65,801 Jones Villages Apt. 078,Nataliebury,Nebraska,52044,-158.759917,-30.464769
Sue Adkins,67,016 Gerald Corner Apt. 856,Nicolechester,Kentucky,51316,6.819737,77.6506905
David Maxwell,19,1088 Garcia Highway Suite 005,Leshire,Iowa,21049,-61.753808,53.988286
Angela Robles,28,525 Mariah Inlet Apt. 393,Port Roberttown,Illinois,91669,-36.554887,39.8562525
Beverly Perkins,48,9554 Foster Road Apt. 721,Jessicashire,Texas,25217,-39.069930,-85.749017
John Williams,23,1737 Shields Shoal,Perezbury,South Carolina,71328,82.791962,14.685271
Joseph Smith,20,8385 Cindy Ways Suite 559,Port Cody,Mississippi,16242,141.053548,86.7861225
Charles Lee,62,522 Isabel Viaduct,Michaelfort,South Carolina,10649,-90.976853,21.1886395
Christine Smith,79,2907 Laura Mission Apt. 960,Moodyfurt,Massachusetts,76686,100.929082,21.125614
Lance Boone,37,4516 Baker Islands,Maytown,Washington,13157,3.230952,49.4571435
Christopher Pruitt,70,34602 Robert Pines,Gillchester,Massachusetts,18214,71.210030,43.6205425
Courtney Thompson,70,560 Hunter Village Apt. 773,Jonesmouth,New Hampshire,89629,30.542088,8.0735685
Colton Alvarez,28,128 Michael Land,Donaldfurt,Massachusetts,93267,22.159708,-11.254621
Christina Grant,30,0932 Sandra Fork,Kingchester,North Carolina,64275,136.721826,-15.3212005
Leslie Farmer,52,346 Mark View,South Jennifer,South Dakota,03238,26.669623,-83.3707915
Jason Gordon,40,1226 Boyd Mountains,Geraldview,Tennessee,87575,96.658348,-13.895110
Carolyn Cardenas,57,3716 Grant Club Apt. 109,Stewartchester,Iowa,74058,21.827564,4.299364
Anna Burton,50,673 Mendez Cliffs,Alexandermouth,Arkansas,32386,-37.761543,1.322744
Dawn Garcia,71,141 Ricky Crest Suite 126,East Lisafort,South Dakota,51721,125.164283,47.9557135
Kellie Travis,31,5980 Vang Greens Apt. 467,Lake Wendy,Mississippi,68920,64.734871,69.825209
Kimberly Hickman,56,77835 Fisher Spur Apt. 378,New Rebecca,Maine,56179,-58.987188,85.424143
Joseph Saunders,65,1832 Emily Crossing,Byrdville,Vermont,90700,-147.892118,-0.0564765
Jennifer Garcia,67,93537 Cathy Brook Suite 419,New Tonichester,Kansas,12265,-168.178486,54.9716435
Kathleen Bruce,34,48928 Torres Centers Suite 599,New Douglas,Georgia,20484,9.162410,52.5515585
Jennifer Arellano,79,836 Smith Cape Apt. 256,Port Jamesfort,California,37883,48.437596,-5.4666185
Terri Williams,38,54496 Kristina Rapids Suite 044,Lake Christopherborough,Nevada,24833,-143.430067,-78.645309
Candice Kirk,32,468 Graham Light Apt. 349,Davisside,Oregon,38515,-82.981119,48.352658
Michael Grant,42,83479 Krystal Ramp Suite 276,Port Ashley,New York,29072,-177.891984,8.5878315
Jillian Hunt,35,1998 Michael Road Apt. 421,North Eric,South Dakota,35034,146.911932,-54.201760
Christina Ramos,34,9485 Thompson Mountain Apt. 961,Lake Jeffrey,Colorado,56180,-130.196737,-36.405063
Richard Montes,50,5624 John Trail Apt. 759,West Kimberly,West Virginia,48973,100.068709,-76.530936
Carolyn Castaneda,44,223 Donna Canyon Apt. 733,South Daniel,Nevada,26230,86.015268,85.238284
Leslie Gonzalez,30,7030 Leah Streets Suite 834,Lake Jacob,Virginia,46557,106.712466,-79.4687365
Courtney Cunningham,18,8013 Felicia Causeway Apt. 093,Duartechester,West Virginia,99098,162.452430,66.6293495
Jack Nguyen,57,613 Murphy Street,North Laura,California,91558,-168.901230,54.322980
Charlotte Mercer,80,63513 Huerta Ridges,South Louisborough,Missouri,45421,117.747220,-18.145519
Timothy Young,23,5409 Theresa Knoll Suite 601,East Thomas,South Carolina,60419,55.398314,21.0163525
Alexander Nichols,24,9869 Cook Street,North Jonathanborough,Utah,86391,10.957663,-84.9327505
Carla Turner,57,06064 Diamond Landing Apt. 905,Chasemouth,North Dakota,50378,48.687211,69.7643845
Ashley Soto,27,10238 Williams Landing Apt. 073,East Robertville,New Mexico,67996,-10.078735,-81.398629
Christopher Martin,69,6706 Brooks Junctions,Rickyberg,Tennessee,43571,-117.720339,9.959849
James Edwards,73,593 Gamble Pines,Michelleville,Oklahoma,10759,-108.495677,-65.9828045
Ashley Hubbard,20,643 Tran Divide Apt. 095,Wilkinshaven,Florida,24330,-29.487383,-68.2633345
Samantha Lee,21,51874 Charlotte Loaf Suite 436,Port Kevin,Minnesota,67273,100.868378,-47.6893215
Mark Elliott,56,121 Gavin Ridge,East Madisonstad,Oklahoma,14118,112.631918,-66.193713
Danny Randolph,61,0468 Jennifer Lock,East Cody,Michigan,33208,95.752776,-46.7801455
Danny Owens,79,488 Thomas Islands,Jasonview,New Jersey,16609,48.809421,62.7932565
Sandra Medina,35,636 Stewart Estate,Susanmouth,Ohio,67995,119.924151,-15.493726
Tyrone Foster,52,9468 Beth Pines,Alisonbury,Kansas,08926,134.343878,-5.1289155
Stacy Green,63,5220 Kristin Spur Apt. 966,Lake Jon,Mississippi,22875,-8.373546,-49.274717
Kimberly Christensen,68,534 Taylor Knoll Suite 376,Hannafurt,Michigan,36917,30.671431,-88.612536
Susan Baker,65,01304 Thomas Union Apt. 434,Lake Joseph,Vermont,57570,144.611366,15.6638405
Jason Carter,76,635 Joseph River,West Christopher,New York,91074,162.260999,5.2212945
Allison Gonzalez,27,834 Audrey Inlet Apt. 170,Hopkinsport,Hawaii,92349,-109.423955,68.0014955
Mr. David Lester,69,06810 Jose Ports Apt. 893,South Olivia,Massachusetts,76087,-164.192149,36.5218135
Kristen Cox,38,015 Johnson Track,Zimmermanstad,Michigan,19595,-15.517568,24.744437
Susan Smith,60,923 Logan Prairie Suite 517,Armstrongville,Missouri,79174,164.522610,51.872236
Timothy Hernandez,32,3506 William Tunnel Suite 127,Jonathanfurt,Georgia,63244,-154.510197,15.9096435
Vincent Gutierrez,53,0374 Ricky Skyway,Harmonfort,Alabama,17303,-130.822093,-62.4118485
Amy Brown,75,184 Joseph Plaza,Lake Andrewmouth,Oregon,83604,28.646206,87.263730
Alan Villa,66,1758 Evan Street Apt. 305,New Keith,Arkansas,29523,22.759782,-30.244594
Tracy Simon,18,56426 Brown Lake,Melissashire,North Dakota,40060,160.993611,26.7771075
Kathryn Brown,42,7115 Horn Street Apt. 624,North Jane,Texas,82076,152.160890,7.702032
Terry Hale,71,514 Jason Gardens,Port Tammy,South Carolina,50692,-141.206513,13.805401
Robert Henderson,70,6394 Joel Cove,North Kyle,Illinois,80672,-138.468558,60.6281035
Michael Mora,58,326 Gregory Dale,East Angelicaton,Iowa,36414,19.633279,51.921502
Brian Brown,56,725 Thomas Via Apt. 074,Cherylside,Delaware,60457,-74.092007,-54.2205295
Betty Solis,55,926 Curtis Ranch,Keithstad,Michigan,11730,-96.356393,-88.666198
Brooke Hill,40,120 Miller Locks,Acevedohaven,Minnesota,65251,-59.438990,1.9492745
Jesse Ponce,26,984 Meyers Ridges Suite 235,South Tracyfurt,Arkansas,57962,5.170789,-68.6212415
Anthony Long,26,414 Michael Via,New Christymouth,Kentucky,25710,-42.850463,31.635104
Melanie Miller,34,84590 Allen Springs Apt. 674,Lake Markview,California,60124,-54.181209,-67.4763265
Kevin Young,80,907 Andrea Islands,Millerbury,North Dakota,27284,-132.151642,-68.174195
Brandon Schneider,19,0656 Suzanne Crossroad,South Mariahaven,New Mexico,44181,-136.428821,-44.796006
Anthony Adams,51,2407 Henson Branch Suite 780,Melissaville,New York,79260,127.891665,49.5104525
Crystal Rocha,30,48840 Rivera Flats Suite 047,Troyside,Iowa,40244,167.114448,-84.2710045
Jessica Grimes,27,930 Mary Knoll,Kaylabury,Ohio,29120,113.387194,62.5259545
Timothy Griffin,18,17569 Fernandez Stream,Christinaville,North Carolina,94788,-157.911442,-10.299204
Megan Turner,21,79428 Pruitt Centers,Scottbury,Michigan,75703,62.749925,19.0543675
Sandra Day,23,92136 Kimberly Trafficway,South Dylan,New York,26301,28.282961,-8.1106175
Kevin Graves,26,4601 Christine Meadow,Craigtown,Montana,32848,57.638304,27.5008855
Robert Olson,45,118 Shannon Wall Apt. 630,North Williamhaven,Arizona,28755,95.471816,18.888320
Diane Henry,37,6834 Russell Ridges,Port Maryton,Missouri,68655,-11.126001,-20.8221795
Denise Hayes,60,9451 Barker Avenue,Farleyborough,Delaware,29369,118.696022,62.669522
David Nelson,53,591 Harris Park,Smithside,Iowa,11351,-92.899493,-53.132764
Rebecca Peterson,52,197 Gregory Tunnel Apt. 065,Johnsonland,Virginia,87184,35.737562,-38.067658
Bryan Campbell,39,15819 Debra Divide Suite 606,Richardsonfort,Michigan,11535,-24.238709,-73.7353785
John Jackson,35,090 Baker Lake,North Tim,California,23473,62.433410,85.183391
Bradley Hudson PhD,74,1671 Mitchell Avenue,New Ronaldshire,Wisconsin,00878,-96.716308,-0.1467065
Amy Stewart,70,206 Joshua Crescent,Aaronville,Georgia,04681,40.006076,-45.911097
Victoria Smith,28,476 Justin Union,West Debraborough,Louisiana,91284,-80.515275,-52.4236325
Nicole Smith,77,4573 Sarah Divide,Powersberg,New Mexico,09401,-54.933366,69.035860
Alexander Rivera,79,29811 Lutz Streets,Kurthaven,North Dakota,83650,-172.187467,-38.4454545
Timothy Pearson,61,5382 Carl Plaza Apt. 496,North Courtneyfurt,Massachusetts,76227,-114.511069,80.5720305
Heather Gould,68,718 Mark Spur,South Jocelyn,New Mexico,57871,114.396055,-55.0868315
Cassandra Kelley,50,2180 Andrew Center Suite 796,Port Steven,Vermont,49208,155.954362,62.230233
Jeffery Shields,63,21059 Griffith Dale,Danielborough,Arkansas,13994,7.509729,-68.0733465
Elizabeth Barnes,80,71395 Sanford Plain Apt. 953,Lake Erin,Indiana,53261,-170.782273,81.667646
Stephanie Butler,24,163 Santos Village Apt. 384,South Kimberlyfort,Illinois,43552,-154.076258,-64.728087
Madeline Hernandez,44,9546 Christopher Island,South Elizabethhaven,Nebraska,09838,-130.344765,29.0094815
Pamela Robinson,50,12376 Freeman Crescent Suite 661,Haasville,Indiana,65370,-64.400105,2.9880535
Kimberly Keller,26,627 Arnold Fort Apt. 708,Kimberlyberg,North Carolina,69293,163.027233,0.0447875
Danielle Rosales,32,926 Owens Corners,East Andrew,Nevada,85323,57.470393,60.2210315
Garrett Abbott,42,7511 Elizabeth Parks,East Dakota,Illinois,20286,20.050112,48.593255
Dr. Jessica Patton,48,96884 Cox Junction,Pearsonhaven,Nevada,38583,17.762852,46.7095915
James Bass,70,2697 Tara Corners Apt. 973,East Carolyn,Wisconsin,35582,56.629356,-15.9531945
Laura Anthony,65,8545 Shannon Plaza,South Sherry,North Carolina,74423,2.489591,59.264582
Julie Owens,43,170 Preston Freeway,Lake Andrewburgh,Kentucky,80365,68.642679,46.361758
Crystal Wright,18,8882 Zachary Ports,Kellyhaven,South Carolina,81563,1.621712,57.6197975
Theresa Ellis,20,625 Jonathan River Suite 533,Gibsonport,New Jersey,13577,-39.359283,-43.7463985
Tammy Jones,26,089 Williams Fort Apt. 488,Avilaton,California,98672,41.143912,-29.7374905
Bridget Patrick,31,847 Singh Heights,Dillonview,New Jersey,63442,-122.489993,68.6566605
Lisa Davis,25,257 Jesse Knoll,New Christyview,Utah,11976,-72.786908,-52.7596895
Elizabeth King,29,809 Davis Burgs,South Michaelchester,Wyoming,28268,-94.234586,-84.753106
Shannon Ryan,47,8633 Flynn Forks Apt. 537,Barrettport,South Dakota,30032,12.987852,16.750522
Gerald Fuller,52,9789 Williams Road,New Christopher,Vermont,18012,-160.964177,-6.949721
Brandon Goodman,77,28411 Robert Street,North Amber,Rhode Island,26996,-121.195882,54.4499055
Whitney Perez,50,93731 Lee Corner Apt. 049,Elizabethbury,Tennessee,25113,-135.412770,82.306701
Justin Francis,67,097 Mccoy Shoal,Port Aaron,Wisconsin,47391,-89.635981,12.784297
Lauren Hodge,59,404 Matthew Rue Suite 230,Thomasville,Connecticut,04421,114.947819,-46.9625035
Zachary Hampton,73,643 Donald Tunnel,Staceyburgh,Missouri,21561,-61.943412,80.902690
Jason Greene,66,60543 Kimberly Trail Apt. 661,Cooperbury,North Carolina,58003,-47.651778,15.186983
Julie Underwood,44,0885 Joshua Plains Suite 214,Nelsonhaven,Iowa,90839,26.372228,22.4362755
Deborah Mullins,38,1704 Bender Viaduct Suite 928,Christopherland,Illinois,57240,-80.078602,60.4067365
Gavin Williams,77,00432 Stuart Corners,Lake Sabrina,Oregon,41972,168.682527,-68.8140085
Lisa Orr,62,8842 Jason River Apt. 621,Jontown,West Virginia,88471,-179.359415,-14.353940
Christopher Vang,46,891 Evans Canyon,Hernandezville,Maryland,39489,-102.910959,-81.4161165
Kelly Young,74,0312 Garcia Glens,West Christopher,New York,97062,-102.450223,-1.6663525
Donald Andrews,22,4180 Stewart Plaza Suite 841,South Robin,New Mexico,51162,153.373767,-23.6066865
Gina Gillespie,65,7417 Jeremy Ramp,Port Brianburgh,South Dakota,79240,71.075272,-83.306854
Mary Silva,50,63866 John Prairie,Stephanieport,Iowa,99393,156.603445,36.188666
Russell Barr,71,3879 Sanchez Tunnel,Curtisfort,Illinois,14399,-171.226805,84.029257
Barbara Poole,19,97773 Kenneth Centers Apt. 881,Port Oliviastad,Michigan,81924,67.056176,-8.8134355
Timothy Jones,80,662 Victor Trace Apt. 340,Port Jenniferchester,Louisiana,67645,-62.834518,53.237944
Shawn Moran,46,10954 Molly Court Apt. 022,Frazierside,South Dakota,90653,62.156638,-31.903231
Nicholas Martin,18,50698 Young Mount,Lake Stephaniefort,Missouri,83614,-2.552104,34.7579645
Jamie Nielsen,41,4864 Fisher Unions,South Kenneth,Michigan,89299,-110.075783,-17.025562
Lisa Harrison,68,1839 Kelly Valley Suite 670,Dustintown,Oregon,60034,169.297262,50.5056985
Lisa Larson,24,1383 Smith Expressway,Port Jason,Illinois,13989,-70.568013,9.623706
Matthew Johnson,65,676 Eric Creek,Lake Rhonda,Ohio,48755,-40.553602,-52.9247345
Andrea Harrison,61,50323 Caitlin Manor,West Jill,Kentucky,15637,94.593373,38.697770
Martha Rice,32,6724 Lisa Plain,Jessicatown,West Virginia,67164,-173.713788,-71.6204565
Richard Carter,71,909 Keller Glen Apt. 785,Jenniferside,Massachusetts,26416,-117.405044,54.1033995
John Bradshaw,75,5967 Leslie Stream Apt. 565,Zunigaland,Nebraska,35049,69.444476,-0.4026255
Christopher Holder,22,78413 Morris Hill Apt. 800,Port Desiree,Arizona,34698,-164.764428,-27.055778
Jason Mitchell,76,66406 Cook Crossing Suite 819,Port Amanda,Utah,17674,-75.967549,-80.3354965
Amanda Patterson,21,988 Howe Street,West Stacey,North Dakota,29468,-15.674899,-17.302746
William Mcdaniel,48,79565 King Pike,Larryborough,Nebraska,75908,161.281817,-12.057875
Michael Johnson,53,2094 Taylor Drive Suite 094,West Caitlinburgh,West Virginia,62400,103.340198,-88.1603845
Tammy Gutierrez,72,50309 Kenneth Loaf Apt. 667,Lake Peterburgh,Alaska,78749,27.133067,-37.4194515
John Dudley,62,347 Morse Junction Apt. 195,Nguyenbury,New Hampshire,13146,-23.866963,50.569509
Michelle Freeman,68,992 Catherine Gardens Suite 246,Lake Laurieton,Alaska,92332,118.197469,85.7699565
Margaret Reynolds,19,695 Brown Rest Suite 281,Lake Steven,Alabama,57839,130.361339,-16.356633
Megan Randolph,47,79328 Ali Forest,East Samuel,California,46500,1.427114,-32.0479935
Deanna Green,66,845 Robert Trail,Madisonstad,Mississippi,89609,165.698149,61.9157495
Bonnie Salinas,21,49650 Gilbert Lodge,Amymouth,Missouri,35328,67.728665,56.8596015
Lauren Rowe,44,530 Mathew Points,New James,Maine,19730,70.840100,45.167725
Katelyn Taylor,50,9922 Cabrera Views,Wrightbury,Kentucky,68318,121.276765,-34.2110585
Jonathan Miller,45,4847 Peterson Cliffs Apt. 142,Kerriborough,Kansas,65131,-105.320539,-33.5272805
Nancy Dunn,39,38104 Ronnie Stream,South Kennethburgh,Washington,55978,-42.686815,27.572790
Katie Williams,74,0692 Joel Rapid,North Donald,West Virginia,70256,150.033197,-58.9482805
Paul Anderson,51,89652 Green Courts,Mathewsburgh,Montana,79747,-133.716316,88.935056
Donald Gray,77,710 Hart Canyon,Port Josephchester,Vermont,67769,21.408415,-44.6787325
Brandy Torres,29,28574 Brown Junction Suite 673,Schroederport,Mississippi,22241,-53.841866,42.2746505
Allison Carr,75,649 Phelps Mountains Apt. 904,East Tabithaberg,Nebraska,14535,169.330154,-7.511727
Daniel Miller,23,8383 Andrea Course,Frenchmouth,Louisiana,14891,-167.361651,-38.756268
Sarah Greene,50,220 Nancy Ports Suite 418,Mooretown,Mississippi,10331,-54.362009,-48.5132265
Michael Russell,37,91125 Albert Walk Apt. 909,Port Elizabeth,Kansas,12350,-135.454963,7.426605
Elizabeth Cordova,65,35707 Alyssa Shores Apt. 803,Gonzalezstad,Texas,53981,-150.120072,46.669037
Melanie Gray,70,7095 Campbell Shore,Lake Paulhaven,Wyoming,88255,43.948267,39.4521575
Caitlin Ochoa,19,3035 Stephanie Flat,East Christineville,Kansas,21437,-101.914730,50.493119
Valerie Morgan,54,585 Gregory Tunnel,Danielchester,Wyoming,57701,48.981053,-36.7083365
Edward Davis,45,170 Morris Squares,West Juanshire,Maine,72687,-45.156070,78.175871
Tyler Fisher,46,0007 Johnston Pike Suite 801,West Anita,Wyoming,07807,110.142804,-42.369048
Michael Craig,48,6623 Gonzales Turnpike Suite 842,Lake Christopherbury,South Carolina,18243,84.943962,78.730769
Shannon Jones,53,248 Deborah Ways,Wadebury,Hawaii,47475,5.270659,38.449795
Jeffrey Brown,26,0480 Austin Plaza Suite 239,Port Brianshire,South Carolina,53890,57.426538,89.966631
Patrick Owens,78,63916 Peterson Passage Apt. 879,New Melissafurt,Kansas,49302,-62.613714,5.9012575
Kyle Castaneda,74,009 Bridges Green Suite 800,Lake Jacobchester,Iowa,14379,130.096922,76.445478
Daniel Cervantes,42,5887 Sanders Alley,West Marychester,Pennsylvania,93887,-164.071928,16.3205725
Amanda Davenport,48,62595 Jennifer Spur,Port Eric,Nevada,79130,127.955752,-49.439283
Sarah Miller,76,810 Jones Creek,Lake Donaldport,Rhode Island,26280,-145.166057,64.2098025
Misty Hamilton,40,24852 Peters Throughway Apt. 794,Port Timothy,Nevada,88049,-97.018422,-58.1886245
Jeffrey Flynn,36,5711 James Row Suite 426,Frostmouth,Idaho,56504,49.639224,-37.905858
Emily Brooks,70,04686 Stevens Keys,Lake Jenniferton,Wisconsin,67324,-174.365845,-11.1827625
Rachael Arroyo,38,10942 Monica Isle,West Jerryshire,Georgia,41902,1.485909,53.6455965
Mrs. Nicole Williams,67,188 Jessica Fall,Mcdonaldport,Alabama,71404,29.656143,-82.4471655
Juan Jackson,37,1950 Reed Point,East Jennifer,Illinois,57047,-175.341616,17.069912
Scott Wise,57,938 Rogers Viaduct Suite 851,Hallberg,Minnesota,45478,-40.923876,23.210670
Jennifer Haney,48,48478 Mccarty Dale,Zavalaberg,Mississippi,92350,40.363361,62.4256295
Mark Mack,44,2173 Bridges Stream,North Linda,Michigan,52112,128.841163,36.2171415
Dustin Adams,69,2181 Samantha Green,North Gregory,Wisconsin,53784,-95.591407,7.506687
Gregory Hunter,61,24506 Yvonne Freeway,New Codyhaven,Nebraska,68959,104.693626,-85.429769
Christopher Contreras,49,63226 Mendez Crossroad,West Christy,Oklahoma,43483,61.154155,21.8045285
Kenneth Richardson,61,6507 Sanchez Drive,Port Veronica,New York,03475,-121.499822,35.220510
Roger Garcia,55,6860 Taylor Meadow,Williamsport,Indiana,41636,-9.688972,28.6752215
Stacey Leon,70,88417 Aaron Mall,North Jasonhaven,Maine,68444,-133.931802,-88.9933865
Jason Long,62,6537 Juarez Street Suite 226,Lake Adamland,Idaho,93984,-105.452007,42.440018
Joshua Martin,22,30887 Noble Divide,South Heather,Virginia,96923,-127.761034,88.000504
Elizabeth Cruz,64,810 Herrera Curve,Pierceport,Colorado,75869,90.326499,-68.981521
Katherine Cox,38,826 Johnson Wells,New Nicole,Georgia,68364,-36.878172,27.3048815
Randy Wyatt,18,0144 Alexandra Locks Apt. 204,West Barbaraton,Michigan,29495,-145.746868,77.907107
Richard Watts,66,148 Michael Spurs Suite 826,West Susan,Mississippi,21224,-63.294663,-17.876505
Diana Guzman,57,0378 Williams Forks,Rebeccafort,Arizona,72123,156.666445,-55.465078
Samuel Walker,47,6887 Dennis Road,Reneeshire,Washington,07532,63.721800,-53.245165
Michelle Garcia,32,977 Chase Motorway,West Biancaport,Iowa,43202,-134.795928,-66.777912
Devon Walters,55,0154 John Prairie Suite 245,West Wesley,Alabama,96938,7.072062,1.536165
Teresa Smith,19,89154 Matthew Neck,West Kevin,West Virginia,31029,122.928262,14.910074
David Patterson,33,228 Brooks Brook Suite 771,West Sandra,Tennessee,85201,19.931538,4.552641
Richard Huff,44,99267 Valentine Light,Barnettstad,Massachusetts,66994,-132.556597,-71.6508345
Christine Jones,58,49795 Leon Course Apt. 002,Lake Anthonymouth,Texas,30223,-127.338746,-58.9373675
Taylor Wright,51,7845 Davis Well,Stephenview,Idaho,44095,118.194044,-26.5326085
Steven Anderson,21,6438 Richard Station Suite 248,Tranton,New Mexico,74757,-150.813209,-76.133189
Wendy Nash,62,96229 Reynolds Stravenue,Mendozaberg,Nebraska,14554,-56.611241,-46.948020
Katherine Norris,54,4446 Robert Spurs,North Alanshire,Texas,86781,144.427728,5.2891395
Virginia Hinton,24,3497 David Mount,Kerrside,Missouri,83130,17.447199,-84.673451
Kevin Kline,62,461 Robertson Plains,Johnland,Rhode Island,33585,-170.582471,61.2917185
Marissa Barber,18,63822 Leslie Gateway Apt. 683,Matthewsville,Minnesota,04571,-175.555080,40.997299
Kari Singh,37,132 Fuentes Glen Apt. 826,Lake Rebeccaside,Idaho,77491,-29.408645,-35.6399975
Sarah Johnson,47,83636 Cynthia Fort Apt. 043,Matthewburgh,Kansas,92615,86.617529,18.316242
Seth Evans,70,6050 Sims Hills,Amandaview,Alabama,23913,160.186180,50.0233725
Logan Harris,55,223 Harvey Unions Apt. 270,Johnsonfort,Arizona,15949,101.193908,43.432637
Kristine Thompson,22,23562 Melendez Coves Suite 672,Thompsonview,Arizona,11251,156.267619,58.7446125
Marcus White,25,00058 Ferrell Drive,Masseychester,Arkansas,07003,166.499079,46.926319
Douglas Baker,79,88535 Lisa Vista Suite 769,South Sharonview,Tennessee,84617,26.339579,82.7209785
Mark Valdez,55,07494 Singleton Ports,Jacobton,Illinois,68531,76.031618,-0.9833435
Peter Scott,44,798 Riley Extension Apt. 872,Johnmouth,Alabama,74832,-163.440681,-89.348829
Bradley Dean,45,93815 Turner Locks,Sanchezport,California,81394,101.879065,24.7517355
Paul Townsend,46,1174 Fernandez Mill Apt. 505,South Miranda,Kentucky,61250,47.229422,50.3613975
Maria Rush,24,281 Stevenson Road,West Brianville,Massachusetts,99713,39.872739,-26.884778
Ms. Elizabeth Vazquez,40,7003 Richard Corner Suite 553,New Nancytown,Nevada,46314,110.947256,-13.617525
Michael Lee,75,331 David Throughway,North Michael,Kentucky,85290,-77.469330,69.665516
Julian Mays,38,83174 Laura Skyway,Milesfort,Montana,26756,-69.395039,57.035000
Robert Sims DDS,30,337 Lisa Court Suite 238,West Amyhaven,Alaska,29132,13.688319,-75.9868415
Casey Bradley,22,12743 Paula Dale Apt. 577,Lake Oliviafort,Virginia,21871,-155.461254,60.728588
Andrea Sutton,79,77857 Troy Mission Apt. 231,East Ericaview,South Dakota,31106,112.583585,51.923469
Erica Wright,75,08850 Albert Mill Apt. 824,Briantown,Alaska,46621,-79.301720,-75.751325
Michelle Powell,49,17465 Megan Inlet,Lisachester,Utah,78639,18.722674,-51.688342
Derrick Gardner,78,891 Bill Forge,Lake Jamesmouth,Idaho,75980,39.272993,49.1764835
Nathan Guerrero,57,6248 Jonathan Field Suite 536,New Michellehaven,Maine,32744,-162.488995,-9.966169
Frances Adams,21,6144 Jacqueline Junctions Suite 789,Port Annaport,Missouri,91494,-25.248131,-52.410927
Sherri Vazquez,35,792 Jennifer Gateway Suite 537,Rasmussenmouth,Arizona,09107,123.352543,-32.9684105
Linda Martin,66,4997 Ortiz Prairie Suite 704,West Lisa,New York,70150,-23.108604,37.2426205
Roberto Cross,78,93833 Alicia Forges,Port Gregoryview,Montana,96324,77.188296,-24.9386295
Raymond Miles,74,4570 Hardin Junction,South Jesus,Idaho,41721,-173.651185,-33.6110765
Nicholas Bennett,71,92471 Sims Station,Martinezport,Kentucky,08246,21.709662,-71.098878
Kelly Webb,70,6135 Jessica Plaza,South Robertchester,Wyoming,02770,98.227679,-89.1889105
Michael Mcguire,57,6980 Garrett Bypass Suite 889,North Brian,Florida,70723,173.525197,52.0880015
Steven Weaver,41,4972 Love Extensions Suite 917,Port Lindamouth,Idaho,03418,-10.092575,62.391576
Joshua Robbins,55,461 Michael Junction Apt. 130,West Margaret,Wisconsin,95543,-68.741903,83.9065215
Troy Clarke,76,64122 Allison Mews,Shanestad,Idaho,53885,-2.850663,-15.054831
Johnny Jackson,50,078 Conway Manor Apt. 454,West John,Florida,93378,-108.624522,24.1324895
Christian West,69,80533 Aguirre Station,West Michaelburgh,Nebraska,47265,-146.111871,-12.5857495
Raymond Hensley,59,32800 Tammy Hollow Suite 131,Ginaport,Georgia,56835,85.835722,-10.9742615
Abigail Walker,20,14792 Tyler Shores Apt. 239,Port Brendabury,Mississippi,84082,146.358118,16.1719745
Amber Clark,35,261 Sarah Vista Apt. 901,Patrickbury,New York,15243,-10.359138,-10.5949465
David Trujillo,50,062 Hicks Courts,Grayland,Illinois,82853,30.481541,-39.456826
Victoria Schultz,69,080 Nicholas Station Suite 346,Shellyfort,Maine,86858,-55.281112,-17.981483
George Le,58,0793 Welch Freeway,Katherinebury,West Virginia,13739,161.919430,-12.544452
Janice Morales,26,062 Tina Brooks,South Tonya,California,80943,73.090996,10.6660945
Michael Arroyo,66,4347 Hardin Corners,North Kenneth,Massachusetts,31451,-0.019769,81.739840
Rebecca Baker,72,39956 Hansen Fort Suite 073,East Anthonyport,Maryland,95444,-136.352855,29.6014805
Diana Stewart,39,4231 Curry Cape,Port Erin,Maine,12596,97.823214,-75.869357
Debra Cohen,21,62845 Sandoval Expressway Suite 099,West Melissa,Missouri,87370,-56.617802,-54.178351
Ellen Terry,47,93661 Martin Stream,Curtisstad,Minnesota,49399,97.194437,-37.503661
Joseph Doyle,23,0319 Danielle Pines Apt. 748,Medinastad,South Dakota,25315,-115.217239,79.032572
William Butler,24,66667 Jason Islands Suite 595,New Raymond,Wyoming,58090,141.685064,-13.7880085
Angie Parrish,68,591 Deanna Ridges Suite 933,East Richardton,Alabama,12727,-155.465514,-17.511909
Steven Lopez,51,791 Obrien Mountain Apt. 839,Robertborough,Iowa,51216,-50.971549,-33.9233895
Christine Evans,43,62759 Christina Brooks Suite 616,Sandersmouth,Minnesota,49588,-88.524110,-79.348007
Marcus Moreno,44,917 Swanson Tunnel,Port Michael,Texas,61634,64.150422,80.713226
Bryan Forbes,38,5206 Joseph Islands,West Tiffany,Idaho,81137,-68.599989,-4.891344
Mark Mitchell,79,5504 Andrea Mountains,West Hunter,South Carolina,89603,-123.035197,-34.853565
April Collins,51,1414 Blake Vista,East Kyleville,Oregon,57872,46.223433,-28.503234
Andre Bridges,66,970 Lewis Circle Apt. 156,Whitehaven,North Carolina,27398,-41.999102,18.245711
Christina Montgomery,74,42653 Vang Neck,Josephport,Utah,94732,-83.422880,-14.018893
Gregory Miller,34,150 Robinson Alley Apt. 168,West Ashlee,Colorado,33503,104.511220,-29.8273205
Dennis Crawford,39,23514 Smith Freeway Suite 129,East Alexa,Tennessee,47151,-0.903396,57.8988105
Jessica Pierce,62,426 Marcus Field,Jameshaven,Maryland,52765,-83.920170,-29.196738
Brenda Brooks,47,6776 Misty Station,North Howard,Kansas,47336,34.763101,-84.438275
Benjamin Morgan,67,89117 Michael Extensions Suite 934,Adamborough,Iowa,00753,-32.203811,66.7396045
Jacob Orozco,66,41299 Phillip Dale Suite 500,West Matthewport,South Dakota,69556,-40.686820,-79.271716
Thomas Patton,75,446 Fuller Land Suite 821,Port Albertfurt,Florida,25556,-103.632218,-79.570183
Alyssa Wilson,72,86920 Melissa Spurs Apt. 615,Salinasland,Arizona,78506,95.889188,73.711461
Jody Luna,20,6556 Justin Street,New Joyce,Alaska,24549,122.542261,6.318434
Tyler Martinez,61,3081 Andrea Circle,New Chad,New Jersey,62973,-69.067365,7.6268515
Maurice Martin,45,6711 Jones Knolls Suite 492,West Justin,South Carolina,39261,132.989212,-88.963713
Charles Arnold,21,820 Alexandra Village Apt. 822,Port Jonathan,Kentucky,08422,-178.117238,37.4915925
Colleen Alexander,76,89864 Ariel Hollow,North Faith,Pennsylvania,69776,82.603399,28.479160
Anita Edwards,60,358 Brooke Viaduct Suite 174,Leahstad,Oklahoma,97041,167.091118,50.766061
Kathryn Warner,64,44916 Gabriel Drive Apt. 361,East Lawrencestad,Mississippi,36045,143.188783,-33.1673135
Emily Steele,29,7553 Cline Inlet,Lake Kimberlyville,Maryland,92823,152.261567,-8.111569
Matthew Austin,71,23151 Robert Summit Apt. 910,Hallport,Texas,51122,-117.106206,79.644350
Jennifer Maldonado,60,2707 Danielle Fort Apt. 423,Shannonfort,New York,56548,-85.214601,4.4139175
Daniel Garcia,79,030 Susan Landing,West Timothy,Oklahoma,13723,-144.160412,-78.2729335
Pamela Strong,75,35070 Gina Station,North Debra,Alaska,99718,-163.921093,-50.2221295
Dustin Adams,18,668 Jordan Manors Apt. 929,Robinsonchester,Pennsylvania,30912,87.959944,-27.8740445
Elizabeth Travis,40,5632 Ellen Crossroad Apt. 520,Ericville,Kansas,34582,-132.400533,-0.7687075
John Lambert,60,213 Nathan Place Apt. 094,New Joel,Nebraska,71455,86.521654,4.666248
Kimberly Harris,80,09077 Kimberly Divide Suite 318,Lake Jeremiah,Maryland,84065,141.263249,-51.777706
Shelby Fisher,47,7043 Carpenter Track,Wayneton,Alaska,52609,23.507725,-45.192464
James Jimenez III,33,935 Obrien Stravenue,New Williamshire,South Carolina,38820,64.001053,67.988827
Annette Donovan,18,21307 Sullivan Orchard Apt. 853,Reginaborough,Alaska,88896,65.909119,28.1095345
Rachel Kennedy,79,645 Danielle Vista,West Andrewborough,New York,74715,174.144713,9.3917785
Robert Hatfield,30,410 Tina Shore Suite 075,Baileyside,Florida,57853,90.489366,-86.430490
Michael Stafford,18,3129 Gonzalez Wells,Lindaberg,Texas,50899,155.944266,77.397390
John Kerr,42,27073 Dustin Crossroad,North Connorbury,New Hampshire,52009,72.894751,45.1364045
William Larsen,65,91207 Torres Viaduct Apt. 157,New Tara,Delaware,99906,-52.381110,-62.7996935
Anna Alvarado,28,042 John Corner,West Christinafurt,Oklahoma,76314,113.443591,35.480672
William Henry,77,770 Blair Wells,Boltonmouth,Michigan,56596,-146.037250,-61.522765
Alexandria Thomas,32,4698 Schmidt Village,Jasminebury,Michigan,20664,-95.968729,74.5249875
Jenna Thomas,56,30926 Paige Forge,Johnsontown,North Carolina,24003,-143.539274,-10.605520
Brianna Miranda,78,106 Rhonda Pine,New Lauramouth,Alabama,74847,63.979617,-62.8198315
Melissa Nelson,41,4109 Nguyen Run Suite 228,Kevinport,Tennessee,61139,92.682661,-48.409140
Amy Smith,65,62855 Marshall Flats Apt. 002,Benjaminmouth,New York,35653,113.104185,69.1987405
Laura Garcia,24,02641 Kathleen Bridge Suite 586,South Jonathan,Michigan,24250,178.144932,43.1539585
Andre Brown,67,4894 Schultz Extension,East Kristopherport,New Hampshire,47144,14.207082,15.565238
Michael Edwards,26,328 Hebert Crossing Suite 615,East Peggyport,Louisiana,92171,-80.564182,-50.7457745
Christopher Miller,32,74859 Jeffrey Spring,Kennethport,Delaware,36449,30.679288,0.619109
Elizabeth Reeves,64,387 Nathaniel Path,Sandraborough,Washington,55435,70.345735,85.309287
Karl Dunn,33,9767 Powers Dam,New Catherine,Pennsylvania,55032,78.272825,70.713336
Diana Mason,48,5181 Dave Fields Apt. 066,Fowlerchester,Ohio,29020,166.973201,-25.120658
Michael Torres,21,469 Jonathan Falls Apt. 743,Lake Samuelport,Indiana,89736,94.212290,-56.8963905
Ruth Lester,25,0169 Kenneth Prairie,Lake Alanton,Kansas,73669,-154.066940,53.0943285
Edward Wheeler,62,2638 Michelle Village Apt. 929,North Williefort,Kansas,57505,-175.129434,-10.3525065
Sandra Maldonado,40,89664 Herman Island,East Dwaynefurt,New Hampshire,45706,54.331552,19.947198
Alyssa Mason,25,8660 Brandon Grove,Port Andrew,California,54160,-159.532403,4.680761
Keith Davis,52,702 Laura Drives Apt. 804,Port Marcia,West Virginia,61387,113.177075,7.433107
Sean Brown,20,9521 Taylor Skyway,Ryanton,Indiana,74891,76.589789,44.557633
Brian Weber,63,51101 Emily Corners,Thomasfurt,West Virginia,92985,103.851588,-33.064341
John Jacobson,53,47176 Sean Harbor,Shaneside,Indiana,95722,-116.517032,-83.8269195
Robert Clayton,31,2947 Michael Canyon Suite 810,Whitetown,Michigan,73065,-112.710122,-64.1055605
Tara Benson,64,7075 Alexander Crossing,New Albertborough,Georgia,17135,-98.052506,-16.8609665
Diane Landry,79,9045 Anderson Burgs Suite 688,New Paul,South Dakota,47748,7.926895,-67.869743
Rebecca Bray,80,02502 Chad Unions,Stevenport,New Mexico,75762,7.769339,-13.0418775
Margaret Estrada,25,008 Gregory Turnpike Suite 850,Jeffreymouth,South Dakota,60261,-72.283186,17.9975785
Cassandra Leach,66,46268 Janice Coves Apt. 451,Frazierhaven,Ohio,26710,-179.476412,89.0959625
Caleb Johnson,43,311 Snyder Overpass Suite 837,Timothystad,Missouri,25184,95.480982,-58.3574145
Kyle Curry,26,89117 Martin Circle Apt. 580,Michaelville,Idaho,47414,132.952980,-58.582271
Tina Livingston,79,208 Adriana Curve Suite 519,Debbiefort,South Carolina,27124,83.364513,-60.3895245
Susan Byrd,26,6319 Beth Mission Apt. 702,New Ianfurt,Kentucky,14953,-15.984964,11.1713265
Elizabeth Lynch,67,888 Jones Lodge Apt. 732,Port Lorrainefort,North Carolina,15139,-56.754965,-32.133249
Joe Robles,60,8616 Barnes Fords,West Sheenastad,New Hampshire,97280,-76.813321,-23.922964
Ryan Leach,62,462 Lambert Groves,Fosterstad,Delaware,07882,-113.093975,-46.431275
Richard Castillo,38,608 Schwartz Neck,North Brenda,South Dakota,59738,76.497715,-15.6826235
Ian Brown,25,900 Teresa Prairie,Port Jacquelineview,Rhode Island,66173,-76.835153,75.888702
Christina Sosa,78,473 Patrick Shoal Apt. 285,Shawnastad,Connecticut,15177,-118.405238,56.058317
Anne Watkins,20,3802 Moore Camp,Laurieton,South Dakota,75192,45.637277,-8.2928295
Daniel Brown,41,69949 Taylor Overpass Suite 970,Andreaberg,Wisconsin,94085,-110.498835,-49.1182715
Bianca Boone,75,826 Patty Island,Lake Jamesburgh,Delaware,14559,-52.989168,-26.689937
Jerry Stokes,48,3840 Morgan Trace Suite 620,Richardside,Nevada,43199,79.352910,15.9723875
Cheryl Clark,37,337 Stone Causeway Apt. 714,Jessicaberg,Missouri,58443,124.174666,-68.413717
Brandon White,65,97936 Mason Lodge Suite 717,New Nicolemouth,Utah,75019,-161.245047,52.2608105
Mark Clayton,24,83680 Hailey Locks Suite 192,Rubenmouth,Alaska,73699,124.271617,-28.240280
Susan Rollins,70,60983 Gwendolyn Lights,South Lauren,Idaho,53254,-48.669458,80.2932765
Tonya Miller,79,49498 Jason Falls,Denniston,Mississippi,78766,62.047649,5.867203
Kelly Patrick,26,21899 Donald Plaza Suite 745,Port Davidtown,Delaware,28793,-61.855025,73.835049
Michael Mccormick,66,7852 Goodwin View,West Michaelchester,New Jersey,72973,-112.803101,27.350195
Kathy Castro,77,565 Makayla Way,East Michaelside,Pennsylvania,96901,179.039059,-44.5065855
Matthew Gray,70,05344 Welch Mount Suite 243,North Matthew,South Carolina,19740,-178.818460,-30.320391
Patricia Davis,30,9255 Mills Spring Apt. 240,East Scott,Oklahoma,20115,-63.575835,28.484100
Sandra Huff,35,321 Shaffer Gardens Suite 776,East Nicolas,California,11574,-120.711199,-15.095904
Elizabeth Johnson,35,94588 Baker Circles Apt. 215,Kimberlyside,Alaska,87701,50.277795,21.849837
Kristen Jones,63,98000 Beard Crescent,Desireeside,Colorado,36584,7.185932,45.6422285
Michael Baker,73,5940 Schwartz Mountains Apt. 860,Powellfurt,Texas,35217,13.794909,11.2118625
Patrick Barajas,35,33835 Perkins Forge Suite 961,Lake Amy,Arizona,40951,-71.437902,55.7020745
Jerry Harris,74,4825 David Isle,North Sylvia,Kansas,83660,-26.817733,-52.6262475
Jennifer Kline,32,31631 Ward Trafficway Apt. 902,North Jenniferstad,Utah,33773,-87.831659,-48.6344895
Matthew Long,27,52554 Jennifer Ferry Apt. 547,North Adam,Ohio,66242,158.200335,-5.9187935
Tiffany Waters,79,90500 Key Flats Suite 549,Jamesshire,West Virginia,10808,-63.220822,-77.106817
Erika Hood,47,7312 Michael Highway,Adkinsshire,Kansas,24991,-163.595711,-82.537127
Richard Alvarez,22,22901 Greer Lights,Graceside,Texas,53136,135.860117,14.225133
Kristina Blair,43,47466 Jason Island,East Christian,Virginia,26406,-155.665207,-32.086451
Michael Green,70,35379 Jeffery Avenue Apt. 487,Samuelview,Oklahoma,91800,-81.428223,70.7770405
Ashley Garcia,25,264 Wise Mount Suite 258,Lindsayburgh,Florida,94930,43.763306,-63.3056065
Ronald Gardner,24,685 Micheal Mall Apt. 002,Bradleyfurt,Oregon,84510,-179.647984,47.200524
Beverly Gardner,27,1064 Long Gardens Suite 056,Alexanderfurt,Kansas,76242,165.595284,72.6361655
Michael Mcdowell,55,179 Michael Mill Apt. 207,Johnville,Utah,70875,-147.810898,-73.9736695
Dr. Jacob Foster,74,868 Marshall Circles,West Barbara,Missouri,86963,62.395072,57.111357
Joseph Romero,57,204 Wilson Ville Apt. 766,New Joseph,South Dakota,01168,-76.881229,2.052068
Mark Graham,18,2229 Becker Ville Suite 950,Port Gabriel,Hawaii,16979,167.810418,18.0364965
Megan Chavez,39,662 Harmon Fort Suite 038,North Michaelville,Minnesota,01165,107.111046,-19.502373
Amanda Shaw,59,06769 Hopkins Creek Apt. 234,Lake Reneeburgh,Colorado,71183,65.370836,-2.759300
Patricia Curtis,58,306 Rachel Throughway,North Jamesborough,Maryland,53441,96.743449,-15.629676
Robert White,43,23718 Mark Way Apt. 573,New Brian,California,61917,37.051016,-24.877188
Mitchell Bender MD,70,302 Sean Place,Pamelafort,Idaho,67127,153.974228,-16.993024
Misty Rodriguez,69,9257 Carlson Wall,Nathanview,New York,67470,109.024053,-79.9786235
Hannah Collins,42,3907 Timothy Stravenue Suite 846,West Cynthialand,Iowa,55751,-109.508216,31.801455
Christopher Calderon,57,25187 Karen Tunnel Suite 715,North Amandaberg,Delaware,79002,9.899076,-27.8849145
Eric Turner,24,2248 Moore Fords Apt. 026,South Jason,New Hampshire,72849,62.064058,-27.448762
Dustin Bishop,26,789 Ronald Street Apt. 284,North Debra,Kansas,13438,-39.432539,-10.146076
Ana Gonzalez,52,79878 Spears Bypass,Ryanton,Georgia,39906,-27.930522,69.5048505
Renee Hart,59,77988 Parrish Forks,South Jennifer,Washington,33456,-56.120057,77.1151655
Phillip Chavez,80,071 Adams Locks Suite 533,West Joanmouth,North Dakota,97675,84.671258,-28.099158
Dana Pittman,51,096 Moody Station Suite 156,Lake Angela,West Virginia,81100,-75.738533,-83.708209
Mary Lopez,60,989 Chase Plaza,Jenniferville,New Mexico,52200,-43.581963,66.6446215
Shannon Mccullough,28,5084 Hanson Spur,Port Tonyaport,California,67080,-48.888019,0.083980
Matthew Cantu,75,215 Sara Ways Suite 506,Beckchester,Nevada,67156,-109.055436,1.2859005
Jeffrey Peters,24,2525 Christopher Circles,West Jenniferfurt,Massachusetts,27949,55.816024,-71.0925025
Jose Bryant,30,856 Robert Springs Apt. 597,South Darrenborough,New Hampshire,26952,179.323711,82.1410055
Stephanie Wilkerson,76,22827 Griffin Brook,New Davidfurt,Nevada,15248,-105.707803,-4.5226875
Barry Camacho,66,339 Green Ferry,New Nicholasmouth,New Jersey,04170,-117.516018,-77.402374
Rhonda Lee,36,47952 Nicholas Meadow,Sanchezburgh,Georgia,34255,85.068518,-19.9500005
Norman Jones,36,649 Lawrence Mountains Apt. 692,Catherinemouth,Arkansas,21667,131.263111,-46.9127095
Jeffrey Hopkins,24,4858 Katherine Fords Suite 097,West Rose,Kentucky,92999,74.564233,-17.8214835
David Williams,30,159 Joseph Points Suite 924,Autumntown,Illinois,41336,128.319423,-0.5234255
Tyler Mitchell,54,8209 Christopher Neck Suite 806,West Karenmouth,Kansas,56812,0.055678,13.6105435
Thomas Becker,59,8142 Ashley Lodge Apt. 284,Shawnchester,Missouri,83636,-88.322079,78.851900
Derrick Peters,73,0889 Anthony Parkways Apt. 145,Leonardfurt,Hawaii,18453,70.085049,28.667814
Kenneth Dalton,80,2565 Darius Groves,Millerton,West Virginia,10477,-165.270682,70.725976
Vanessa Adams,50,285 Powell Track,East Lauraville,Ohio,46812,113.619163,23.9250835
Dana Johnson,53,426 Paul Mountain Suite 699,South Meganfort,Maryland,45389,-24.441125,-6.5699645
Miss Kelli Curtis,24,7791 Ward Mountains Apt. 266,North Rachelland,Ohio,58421,-103.255440,76.6920975
Kylie Ray,32,57047 Katherine Trafficway,New Keith,New York,34578,-104.566308,-52.7813195
Jacob Lopez,56,0425 Margaret Expressway,Martinezfort,Vermont,81419,-24.838145,-43.567798
Emily English,63,186 Robert Forge Suite 654,Williamburgh,Missouri,34259,20.996934,34.1777085
Sara Potter,56,652 Jacob Walk Apt. 067,Williammouth,Pennsylvania,47016,94.491143,-13.4025745
Robert Herrera,45,339 Karen Brook,Lauraland,Florida,72486,5.137919,-49.263702
Daniel Wallace,34,0145 Tyler Village Suite 308,West Savannah,Illinois,45257,-10.089497,84.4306155
Jason Brown,53,252 Linda Squares,Aliciachester,Maine,90642,-36.636941,-89.968055
Jill Dean,60,6948 Sharon Rapid,Hernandezhaven,Iowa,05812,-149.444829,-51.2532865
Dustin Thomas,33,6601 May Stream Suite 426,Johnmouth,South Carolina,35926,-149.084508,-74.7276765
Colin Nunez,31,3786 Vickie Green,Clarkchester,Massachusetts,58152,-80.677885,30.235919
Ashley Hall,79,23074 Williams Crest Apt. 191,Francisshire,North Dakota,94360,-88.240226,-34.569373
Jennifer Jones,69,453 Davis Vista Apt. 319,Lake Logan,Hawaii,81893,149.272753,-7.8573615
Jermaine Sawyer,51,763 Frost Ridges Apt. 708,East Stevenstad,Delaware,39466,50.126776,-64.7500695
Melissa Wong,48,93444 David Overpass Suite 657,West John,Arizona,83895,40.720374,-16.956572
Nicole Pierce,74,8583 Steven Oval Apt. 454,North Robert,Florida,83147,58.725543,66.407929
Lisa Wright,50,8522 Moore Mount,Port Jeromefurt,New Jersey,25777,-85.272524,46.063638
Micheal Williams,24,680 Elizabeth Gateway,Davidport,Missouri,93441,12.504342,9.235760
Shannon Garcia,22,686 Michael Forge,Reyesland,Utah,86333,33.184350,13.163160
Summer Larson,45,7860 Juarez Creek,South Jenna,Minnesota,78686,-26.852318,11.775817
Nicholas Wright,47,71347 Danielle Isle,South Dustin,Wyoming,12253,-5.423430,-31.9905565
Jake Jones,37,229 Caitlin Village Suite 233,Barnettshire,North Dakota,11795,88.287530,59.587906
Mr. Matthew Weiss,25,170 Alexander Stream,Kristinchester,California,43667,75.400239,37.704916
Destiny Sullivan,64,418 Tina Port Apt. 470,Markshire,Ohio,78923,106.578698,-20.2780705
Shelley Russell,34,932 Garcia Loop Apt. 874,Port Claudia,New York,73369,135.374399,-4.1742845
Ashley Fletcher,31,8312 Ronald Unions Suite 502,New Joefurt,Ohio,70705,131.710357,11.4363495
Amy Gallagher,66,96726 Courtney Stream,Williamside,Ohio,78053,104.183084,-68.4154675
Kelly Johnson,57,58155 Douglas Glens,Suttonton,West Virginia,27432,-46.735297,-31.045984
Rachel Hatfield,57,3284 Elizabeth Mill,Lake Jennifer,Texas,06817,-19.929636,47.3308385
Martha Johnson,32,185 Ross Ports,Myerston,Nevada,84053,-131.636096,-29.342089
Karen Smith,22,0977 Clifford Spring Apt. 545,Johnchester,Kentucky,47067,157.917733,9.616734
Katie Phillips,51,58209 Quinn Unions Suite 178,Jenniferside,Missouri,34384,160.820833,62.4444025
Heather Norris,41,6024 Williams Ferry,Cherylbury,Oklahoma,68136,-53.235042,-73.591938
Erika Herman,29,56821 Hunt Isle,West Ryan,New Jersey,90409,134.414145,52.6979795
Cheryl Hess,29,5798 Stephanie Track Suite 103,Jimfort,Utah,71282,131.468579,18.387428
Jeffery Burke,21,887 Mays Freeway Apt. 584,Blakeport,Mississippi,31208,154.448947,-11.7488065
Alicia Long,67,1214 Tracey Mountains,Petersenfurt,Texas,27352,-55.342840,-65.1909785
Jessica Campbell,58,75673 Jason Plaza,Russellbury,Connecticut,13797,-147.646734,-16.805008
George Petty,24,6500 Brown Loop Suite 399,South Charles,Maryland,28997,-102.371942,41.3213745
Heather Jones,59,38116 Vanessa Circles,Dicksontown,Pennsylvania,22389,154.530404,83.774037
Shaun Vega,35,936 Thompson Land Suite 358,Morrisonburgh,North Dakota,17151,-95.853603,-6.5546775
Timothy Erickson,38,6296 Hart Ridge,Lake Henryhaven,New Hampshire,84285,28.819909,10.823729
Stephanie Olson,59,7631 Michele Plaza,Port Nathan,Colorado,32298,-27.262139,-22.316217
Daniel Hampton,63,775 Sawyer Landing,Christon,Maine,91589,-55.005280,-36.834371
Denise Pearson,72,15567 James Mountains,Port Tammy,New Jersey,96078,-142.473696,-61.517193
Maria Meyer,39,209 Tammy Ranch,Oneillville,New Jersey,95858,-149.176309,-68.5652315
Taylor Soto,40,6278 Linda Burgs Suite 202,West Christina,Delaware,16659,129.645720,-9.8978665
Clifford Mooney MD,22,85182 Anna Road,East Jamiemouth,North Carolina,46760,79.108102,-64.624571
Steven Mitchell,19,2687 Megan Hollow,Delgadoside,Tennessee,01936,-62.690998,-53.627343
Richard Smith,36,95369 Melissa Stream Suite 581,Port Frankville,Louisiana,46993,-23.548920,-73.3521145
Erica Jimenez,31,7109 Hawkins Ways Suite 003,East Andreamouth,Virginia,25568,34.619610,-36.8554575
Joel Williams,55,90355 Sarah Greens Suite 674,Lauraberg,Rhode Island,86299,100.951278,-43.5876505
Cheryl Morrison,40,6173 Micheal Spring,East Allenfurt,Arizona,41420,0.252720,47.190848
Jeffery Ramsey,27,95386 Williams Corners,Port Gregory,Louisiana,14647,-121.998502,-47.299294
Nicholas Pineda,45,904 Hicks Manors,Port Cynthia,Wisconsin,98218,157.340489,-9.008811
Cassandra Hood,59,8682 Webb Centers Suite 708,West Tanyaland,Alaska,76563,22.055169,-30.5058475
Melissa Walsh,19,87704 Meyer Light,South Johnfurt,South Dakota,41217,-126.977134,-77.5101135
Loretta Spencer,66,686 Gill Light Suite 626,Port Scott,Oklahoma,89751,-95.795749,-37.7086465
Chris Wallace,59,7459 Steele Land,Port Jayport,Texas,21887,53.869969,2.517003
Gavin Valentine,43,7534 Cynthia Place Suite 267,Julieburgh,Louisiana,98433,61.859098,66.456879
Raymond Kim,48,9304 Amanda Islands Suite 370,New Marktown,Arkansas,45905,4.872290,10.421275
Jennifer Austin,79,39813 Moss Dam Apt. 199,Sheliamouth,Maryland,04240,89.260565,-65.8578875
Frances Robbins DDS,75,12898 Margaret Islands Suite 886,Richardsonburgh,New Mexico,20451,167.210160,87.862754
Heather Lang,47,66987 Fisher Prairie Apt. 914,Sarashire,Maine,27666,-109.222122,-13.616077
Mark Chung,65,4057 Tina Trafficway,Henrymouth,Rhode Island,34772,37.932144,-66.8049245
Oscar Castro,52,0672 Evans Brook Apt. 599,Lake Mckenziefurt,Mississippi,81400,54.245490,23.4033945
Ricky Moreno MD,72,42062 Lisa Court Suite 532,Charlesshire,Alaska,40817,74.773165,-26.0108995
Alexis Rosales,37,830 Wong Viaduct Apt. 049,South Stevenstad,Idaho,39415,-113.701779,-84.135664
Jason Watson,34,713 Eric Plaza Apt. 737,Michaeltown,Montana,96635,17.756257,7.609560
Daniel Hunter,48,1429 Bailey Meadows,Carlbury,Arkansas,60595,-134.184396,-9.252313
Nichole Livingston,61,20448 Cory Flats Suite 391,South Devin,South Carolina,27667,-133.099182,-29.3294545
Paula Patterson,19,6614 Jacobson Courts,New Anthonyburgh,Vermont,82788,125.054534,63.7741605
Stephanie Malone,47,642 Cross Groves,New Susanmouth,North Carolina,97258,68.749935,61.114630
Tonya Abbott,68,6476 Amanda Courts,North Samuel,Indiana,71742,26.357825,-79.383467
Brandy Webb,65,183 Smith Cape Apt. 839,South Danielle,Ohio,27556,-62.075828,-67.9112145
Steven Martinez,78,95591 Murphy Circles Apt. 533,North Carl,North Carolina,59622,41.230702,-32.278558
Mr. Seth Cook,80,77250 Anna Union,Tylermouth,New Mexico,46630,-178.269138,35.996799
Stephen Garcia,60,79170 Snyder Branch Suite 900,Jackmouth,Louisiana,80046,-123.592627,-41.0305845
Nicholas Johnson,22,8470 Zachary Knoll Apt. 385,Rhodesfort,Nevada,85217,124.415949,-60.6187825
Cynthia Haynes,68,8782 Jon Run Apt. 681,Caseyville,California,77235,113.446290,-83.052152
Elizabeth Solomon,42,903 Carpenter Tunnel Suite 441,North Stephanie,Florida,01746,120.449927,46.834660
Christopher Taylor,69,129 Adam Circle,Carterville,Idaho,71384,-100.641791,-30.8729435
Dawn Wilson,69,972 Ana Well Suite 056,Garzachester,Alabama,76767,-160.114094,-85.1420895
Christopher Smith,37,771 Nelson Walk Suite 791,North Steve,Virginia,20236,-22.678250,-3.690160
Melissa Lambert,25,809 Scott Camp Apt. 124,North Glenn,South Dakota,70477,73.644465,-71.923970
Ashley Duran,42,123 Robles Pike Suite 368,Lake Jeanneshire,Michigan,30223,-60.315797,40.0765205
Phillip Johnson,18,4674 Ross Place Suite 502,Hernandezland,New York,88630,-106.286163,-30.043673
Patricia Armstrong DVM,74,16665 William Islands Apt. 335,Floresland,Indiana,55633,14.586280,17.1271305
Megan Miller,47,3456 Park Ports,Crystalmouth,Arkansas,51050,-99.429709,13.3177985
Robert Herring,37,9966 Joshua Lock Apt. 398,Griffinland,New Jersey,55225,-177.144810,37.279053
Roger Davis,34,43615 Yolanda Fields Apt. 276,North Fernando,South Dakota,94583,109.003478,63.016911
